Female1_SA2150Hz-8000Hz_15pwAngle_20dB_privacy__,d_SI_Bright,0.996871,d_SI_Quiet,0.968488,WordsCorrect_SI_Bright,99.956675,WordsCorrect_SI_Quiet,99.928843,
Female1_SI1544150Hz-8000Hz_15pwAngle_20dB_privacy__,d_SI_Bright,0.994773,d_SI_Quiet,0.966850,WordsCorrect_SI_Bright,99.955057,WordsCorrect_SI_Quiet,99.926777,
Female1_SX104150Hz-8000Hz_15pwAngle_20dB_privacy__,d_SI_Bright,0.995613,d_SI_Quiet,0.969496,WordsCorrect_SI_Bright,99.955712,WordsCorrect_SI_Quiet,99.930086,
Female1_SX14150Hz-8000Hz_15pwAngle_20dB_privacy__,d_SI_Bright,0.993314,d_SI_Quiet,0.955481,WordsCorrect_SI_Bright,99.953896,WordsCorrect_SI_Quiet,99.910683,
Female1_SX194150Hz-8000Hz_15pwAngle_20dB_privacy__,d_SI_Bright,0.996660,d_SI_Quiet,0.964074,WordsCorrect_SI_Bright,99.956515,WordsCorrect_SI_Quiet,99.923137,
Female1_SX374150Hz-8000Hz_15pwAngle_20dB_privacy__,d_SI_Bright,0.992896,d_SI_Quiet,0.962854,WordsCorrect_SI_Bright,99.953558,WordsCorrect_SI_Quiet,99.921480,
Female_SA2150Hz-8000Hz_15pwAngle_20dB_privacy__,d_SI_Bright,0.994989,d_SI_Quiet,0.960515,WordsCorrect_SI_Bright,99.955226,WordsCorrect_SI_Quiet,99.918204,
Female_SX126150Hz-8000Hz_15pwAngle_20dB_privacy__,d_SI_Bright,0.996951,d_SI_Quiet,0.966610,WordsCorrect_SI_Bright,99.956736,WordsCorrect_SI_Quiet,99.926469,
Female_SX216150Hz-8000Hz_15pwAngle_20dB_privacy__,d_SI_Bright,0.995975,d_SI_Quiet,0.960114,WordsCorrect_SI_Bright,99.955991,WordsCorrect_SI_Quiet,99.917629,
Female_SX306150Hz-8000Hz_15pwAngle_20dB_privacy__,d_SI_Bright,0.993307,d_SI_Quiet,0.958343,WordsCorrect_SI_Bright,99.953890,WordsCorrect_SI_Quiet,99.915039,
Male1_SI545150Hz-8000Hz_15pwAngle_20dB_privacy__,d_SI_Bright,0.930776,d_SI_Quiet,0.902618,WordsCorrect_SI_Bright,99.862472,WordsCorrect_SI_Quiet,99.775149,
Male1_SX185150Hz-8000Hz_15pwAngle_20dB_privacy__,d_SI_Bright,0.930265,d_SI_Quiet,0.882513,WordsCorrect_SI_Bright,99.861239,WordsCorrect_SI_Quiet,99.680693,
Male1_SX5150Hz-8000Hz_15pwAngle_20dB_privacy__,d_SI_Bright,0.940329,d_SI_Quiet,0.904462,WordsCorrect_SI_Bright,99.883611,WordsCorrect_SI_Quiet,99.782269,
Male_SA2150Hz-8000Hz_15pwAngle_20dB_privacy__,d_SI_Bright,0.986913,d_SI_Quiet,0.945489,WordsCorrect_SI_Bright,99.948437,WordsCorrect_SI_Quiet,99.893643,
Male_SI1669150Hz-8000Hz_15pwAngle_20dB_privacy__,d_SI_Bright,0.989057,d_SI_Quiet,0.951294,WordsCorrect_SI_Bright,99.950333,WordsCorrect_SI_Quiet,99.903903,
Male_SI2299150Hz-8000Hz_15pwAngle_20dB_privacy__,d_SI_Bright,0.987405,d_SI_Quiet,0.951646,WordsCorrect_SI_Bright,99.948878,WordsCorrect_SI_Quiet,99.904492,
Male_SX139150Hz-8000Hz_15pwAngle_20dB_privacy__,d_SI_Bright,0.966992,d_SI_Quiet,0.931517,WordsCorrect_SI_Bright,99.926958,WordsCorrect_SI_Quiet,99.864241,
Male_SX229150Hz-8000Hz_15pwAngle_20dB_privacy__,d_SI_Bright,0.993028,d_SI_Quiet,0.947527,WordsCorrect_SI_Bright,99.953665,WordsCorrect_SI_Quiet,99.897364,
Male_SX319150Hz-8000Hz_15pwAngle_20dB_privacy__,d_SI_Bright,0.983804,d_SI_Quiet,0.945541,WordsCorrect_SI_Bright,99.945556,WordsCorrect_SI_Quiet,99.893741,
Male_SX49150Hz-8000Hz_15pwAngle_20dB_privacy__,d_SI_Bright,0.980053,d_SI_Quiet,0.938912,WordsCorrect_SI_Bright,99.941867,WordsCorrect_SI_Quiet,99.880694,
Female1_SA2150Hz-8000Hz_15pwAngle_25dB_privacy__,d_SI_Bright,0.996399,d_SI_Quiet,0.966599,WordsCorrect_SI_Bright,99.956316,WordsCorrect_SI_Quiet,99.926456,
Female1_SI1544150Hz-8000Hz_15pwAngle_25dB_privacy__,d_SI_Bright,0.994934,d_SI_Quiet,0.968125,WordsCorrect_SI_Bright,99.955183,WordsCorrect_SI_Quiet,99.928391,
Female1_SX104150Hz-8000Hz_15pwAngle_25dB_privacy__,d_SI_Bright,0.995444,d_SI_Quiet,0.968862,WordsCorrect_SI_Bright,99.955581,WordsCorrect_SI_Quiet,99.929308,
Female1_SX14150Hz-8000Hz_15pwAngle_25dB_privacy__,d_SI_Bright,0.993104,d_SI_Quiet,0.954233,WordsCorrect_SI_Bright,99.953726,WordsCorrect_SI_Quiet,99.908714,
Female1_SX194150Hz-8000Hz_15pwAngle_25dB_privacy__,d_SI_Bright,0.996635,d_SI_Quiet,0.974159,WordsCorrect_SI_Bright,99.956496,WordsCorrect_SI_Quiet,99.935558,
Female1_SX374150Hz-8000Hz_15pwAngle_25dB_privacy__,d_SI_Bright,0.993117,d_SI_Quiet,0.960672,WordsCorrect_SI_Bright,99.953737,WordsCorrect_SI_Quiet,99.918428,
Female_SA2150Hz-8000Hz_15pwAngle_25dB_privacy__,d_SI_Bright,0.995511,d_SI_Quiet,0.961034,WordsCorrect_SI_Bright,99.955633,WordsCorrect_SI_Quiet,99.918942,
Female_SX126150Hz-8000Hz_15pwAngle_25dB_privacy__,d_SI_Bright,0.996710,d_SI_Quiet,0.969031,WordsCorrect_SI_Bright,99.956553,WordsCorrect_SI_Quiet,99.929516,
Female_SX216150Hz-8000Hz_15pwAngle_25dB_privacy__,d_SI_Bright,0.995616,d_SI_Quiet,0.959351,WordsCorrect_SI_Bright,99.955715,WordsCorrect_SI_Quiet,99.916524,
Female_SX306150Hz-8000Hz_15pwAngle_25dB_privacy__,d_SI_Bright,0.992158,d_SI_Quiet,0.959428,WordsCorrect_SI_Bright,99.952954,WordsCorrect_SI_Quiet,99.916635,
Male1_SI545150Hz-8000Hz_15pwAngle_25dB_privacy__,d_SI_Bright,0.936189,d_SI_Quiet,0.898724,WordsCorrect_SI_Bright,99.874882,WordsCorrect_SI_Quiet,99.759337,
Male1_SX185150Hz-8000Hz_15pwAngle_25dB_privacy__,d_SI_Bright,0.927375,d_SI_Quiet,0.873481,WordsCorrect_SI_Bright,99.854056,WordsCorrect_SI_Quiet,99.626254,
Male1_SX5150Hz-8000Hz_15pwAngle_25dB_privacy__,d_SI_Bright,0.938834,d_SI_Quiet,0.905097,WordsCorrect_SI_Bright,99.880531,WordsCorrect_SI_Quiet,99.784670,
Male_SA2150Hz-8000Hz_15pwAngle_25dB_privacy__,d_SI_Bright,0.986613,d_SI_Quiet,0.938792,WordsCorrect_SI_Bright,99.948166,WordsCorrect_SI_Quiet,99.880442,
Male_SI1669150Hz-8000Hz_15pwAngle_25dB_privacy__,d_SI_Bright,0.988887,d_SI_Quiet,0.943002,WordsCorrect_SI_Bright,99.950186,WordsCorrect_SI_Quiet,99.888921,
Male_SI2299150Hz-8000Hz_15pwAngle_25dB_privacy__,d_SI_Bright,0.986939,d_SI_Quiet,0.947763,WordsCorrect_SI_Bright,99.948461,WordsCorrect_SI_Quiet,99.897786,
Male_SX139150Hz-8000Hz_15pwAngle_25dB_privacy__,d_SI_Bright,0.968760,d_SI_Quiet,0.922031,WordsCorrect_SI_Bright,99.929182,WordsCorrect_SI_Quiet,99.839781,
Male_SX229150Hz-8000Hz_15pwAngle_25dB_privacy__,d_SI_Bright,0.992317,d_SI_Quiet,0.938015,WordsCorrect_SI_Bright,99.953085,WordsCorrect_SI_Quiet,99.878809,
Male_SX319150Hz-8000Hz_15pwAngle_25dB_privacy__,d_SI_Bright,0.982788,d_SI_Quiet,0.934735,WordsCorrect_SI_Bright,99.944581,WordsCorrect_SI_Quiet,99.871662,
Male_SX49150Hz-8000Hz_15pwAngle_25dB_privacy__,d_SI_Bright,0.981081,d_SI_Quiet,0.936949,WordsCorrect_SI_Bright,99.942903,WordsCorrect_SI_Quiet,99.876531,
Female1_SA2150Hz-8000Hz_15pwAngle_30dB_privacy__,d_SI_Bright,0.996094,d_SI_Quiet,0.962606,WordsCorrect_SI_Bright,99.956083,WordsCorrect_SI_Quiet,99.921140,
Female1_SI1544150Hz-8000Hz_15pwAngle_30dB_privacy__,d_SI_Bright,0.994389,d_SI_Quiet,0.959042,WordsCorrect_SI_Bright,99.954754,WordsCorrect_SI_Quiet,99.916071,
Female1_SX104150Hz-8000Hz_15pwAngle_30dB_privacy__,d_SI_Bright,0.995184,d_SI_Quiet,0.962260,WordsCorrect_SI_Bright,99.955378,WordsCorrect_SI_Quiet,99.920662,
Female1_SX14150Hz-8000Hz_15pwAngle_30dB_privacy__,d_SI_Bright,0.993118,d_SI_Quiet,0.948622,WordsCorrect_SI_Bright,99.953737,WordsCorrect_SI_Quiet,99.899310,
Female1_SX194150Hz-8000Hz_15pwAngle_30dB_privacy__,d_SI_Bright,0.996428,d_SI_Quiet,0.961076,WordsCorrect_SI_Bright,99.956338,WordsCorrect_SI_Quiet,99.919003,
Female1_SX374150Hz-8000Hz_15pwAngle_30dB_privacy__,d_SI_Bright,0.992354,d_SI_Quiet,0.952996,WordsCorrect_SI_Bright,99.953115,WordsCorrect_SI_Quiet,99.906719,
Female_SA2150Hz-8000Hz_15pwAngle_30dB_privacy__,d_SI_Bright,0.994465,d_SI_Quiet,0.951322,WordsCorrect_SI_Bright,99.954814,WordsCorrect_SI_Quiet,99.903949,
Female_SX126150Hz-8000Hz_15pwAngle_30dB_privacy__,d_SI_Bright,0.996708,d_SI_Quiet,0.957456,WordsCorrect_SI_Bright,99.956551,WordsCorrect_SI_Quiet,99.913712,
Female_SX216150Hz-8000Hz_15pwAngle_30dB_privacy__,d_SI_Bright,0.994062,d_SI_Quiet,0.939365,WordsCorrect_SI_Bright,99.954494,WordsCorrect_SI_Quiet,99.881634,
Female_SX306150Hz-8000Hz_15pwAngle_30dB_privacy__,d_SI_Bright,0.991809,d_SI_Quiet,0.936355,WordsCorrect_SI_Bright,99.952666,WordsCorrect_SI_Quiet,99.875242,
Male1_SI545150Hz-8000Hz_15pwAngle_30dB_privacy__,d_SI_Bright,0.933770,d_SI_Quiet,0.877648,WordsCorrect_SI_Bright,99.869480,WordsCorrect_SI_Quiet,99.652436,
Male1_SX185150Hz-8000Hz_15pwAngle_30dB_privacy__,d_SI_Bright,0.925291,d_SI_Quiet,0.863259,WordsCorrect_SI_Bright,99.848647,WordsCorrect_SI_Quiet,99.553417,
Male1_SX5150Hz-8000Hz_15pwAngle_30dB_privacy__,d_SI_Bright,0.940846,d_SI_Quiet,0.893769,WordsCorrect_SI_Bright,99.884657,WordsCorrect_SI_Quiet,99.737605,
Male_SA2150Hz-8000Hz_15pwAngle_30dB_privacy__,d_SI_Bright,0.986443,d_SI_Quiet,0.930427,WordsCorrect_SI_Bright,99.948012,WordsCorrect_SI_Quiet,99.861633,
Male_SI1669150Hz-8000Hz_15pwAngle_30dB_privacy__,d_SI_Bright,0.988330,d_SI_Quiet,0.928413,WordsCorrect_SI_Bright,99.949699,WordsCorrect_SI_Quiet,99.856680,
Male_SI2299150Hz-8000Hz_15pwAngle_30dB_privacy__,d_SI_Bright,0.985537,d_SI_Quiet,0.934565,WordsCorrect_SI_Bright,99.947181,WordsCorrect_SI_Quiet,99.871281,
Male_SX139150Hz-8000Hz_15pwAngle_30dB_privacy__,d_SI_Bright,0.967373,d_SI_Quiet,0.919060,WordsCorrect_SI_Bright,99.927443,WordsCorrect_SI_Quiet,99.831248,
Male_SX229150Hz-8000Hz_15pwAngle_30dB_privacy__,d_SI_Bright,0.992725,d_SI_Quiet,0.930794,WordsCorrect_SI_Bright,99.953418,WordsCorrect_SI_Quiet,99.862517,
Male_SX319150Hz-8000Hz_15pwAngle_30dB_privacy__,d_SI_Bright,0.978712,d_SI_Quiet,0.916309,WordsCorrect_SI_Bright,99.940488,WordsCorrect_SI_Quiet,99.822944,
Male_SX49150Hz-8000Hz_15pwAngle_30dB_privacy__,d_SI_Bright,0.978702,d_SI_Quiet,0.921490,WordsCorrect_SI_Bright,99.940478,WordsCorrect_SI_Quiet,99.838259,
Female1_SA2150Hz-8000Hz_15pwAngle_35dB_privacy__,d_SI_Bright,0.995515,d_SI_Quiet,0.940642,WordsCorrect_SI_Bright,99.955636,WordsCorrect_SI_Quiet,99.884246,
Female1_SI1544150Hz-8000Hz_15pwAngle_35dB_privacy__,d_SI_Bright,0.993641,d_SI_Quiet,0.933360,WordsCorrect_SI_Bright,99.954158,WordsCorrect_SI_Quiet,99.868542,
Female1_SX104150Hz-8000Hz_15pwAngle_35dB_privacy__,d_SI_Bright,0.994456,d_SI_Quiet,0.925659,WordsCorrect_SI_Bright,99.954807,WordsCorrect_SI_Quiet,99.849617,
Female1_SX14150Hz-8000Hz_15pwAngle_35dB_privacy__,d_SI_Bright,0.991891,d_SI_Quiet,0.918203,WordsCorrect_SI_Bright,99.952734,WordsCorrect_SI_Quiet,99.828703,
Female1_SX194150Hz-8000Hz_15pwAngle_35dB_privacy__,d_SI_Bright,0.994491,d_SI_Quiet,0.936201,WordsCorrect_SI_Bright,99.954835,WordsCorrect_SI_Quiet,99.874907,
Female1_SX374150Hz-8000Hz_15pwAngle_35dB_privacy__,d_SI_Bright,0.991974,d_SI_Quiet,0.910334,WordsCorrect_SI_Bright,99.952802,WordsCorrect_SI_Quiet,99.803479,
Female_SA2150Hz-8000Hz_15pwAngle_35dB_privacy__,d_SI_Bright,0.994119,d_SI_Quiet,0.900979,WordsCorrect_SI_Bright,99.954540,WordsCorrect_SI_Quiet,99.768622,
Female_SX126150Hz-8000Hz_15pwAngle_35dB_privacy__,d_SI_Bright,0.996852,d_SI_Quiet,0.920457,WordsCorrect_SI_Bright,99.956661,WordsCorrect_SI_Quiet,99.835314,
Female_SX216150Hz-8000Hz_15pwAngle_35dB_privacy__,d_SI_Bright,0.995452,d_SI_Quiet,0.872179,WordsCorrect_SI_Bright,99.955588,WordsCorrect_SI_Quiet,99.617679,
Female_SX306150Hz-8000Hz_15pwAngle_35dB_privacy__,d_SI_Bright,0.991769,d_SI_Quiet,0.892221,WordsCorrect_SI_Bright,99.952633,WordsCorrect_SI_Quiet,99.730425,
Male1_SI545150Hz-8000Hz_15pwAngle_35dB_privacy__,d_SI_Bright,0.934239,d_SI_Quiet,0.852026,WordsCorrect_SI_Bright,99.870545,WordsCorrect_SI_Quiet,99.456986,
Male1_SX185150Hz-8000Hz_15pwAngle_35dB_privacy__,d_SI_Bright,0.924803,d_SI_Quiet,0.849780,WordsCorrect_SI_Bright,99.847351,WordsCorrect_SI_Quiet,99.435348,
Male1_SX5150Hz-8000Hz_15pwAngle_35dB_privacy__,d_SI_Bright,0.938470,d_SI_Quiet,0.871539,WordsCorrect_SI_Bright,99.879768,WordsCorrect_SI_Quiet,99.613395,
Male_SA2150Hz-8000Hz_15pwAngle_35dB_privacy__,d_SI_Bright,0.986806,d_SI_Quiet,0.918148,WordsCorrect_SI_Bright,99.948340,WordsCorrect_SI_Quiet,99.828539,
Male_SI1669150Hz-8000Hz_15pwAngle_35dB_privacy__,d_SI_Bright,0.988603,d_SI_Quiet,0.933325,WordsCorrect_SI_Bright,99.949938,WordsCorrect_SI_Quiet,99.868461,
Male_SI2299150Hz-8000Hz_15pwAngle_35dB_privacy__,d_SI_Bright,0.988391,d_SI_Quiet,0.916827,WordsCorrect_SI_Bright,99.949752,WordsCorrect_SI_Quiet,99.824539,
Male_SX139150Hz-8000Hz_15pwAngle_35dB_privacy__,d_SI_Bright,0.967107,d_SI_Quiet,0.911092,WordsCorrect_SI_Bright,99.927105,WordsCorrect_SI_Quiet,99.806062,
Male_SX229150Hz-8000Hz_15pwAngle_35dB_privacy__,d_SI_Bright,0.995735,d_SI_Quiet,0.932227,WordsCorrect_SI_Bright,99.955806,WordsCorrect_SI_Quiet,99.865916,
Male_SX319150Hz-8000Hz_15pwAngle_35dB_privacy__,d_SI_Bright,0.978311,d_SI_Quiet,0.913418,WordsCorrect_SI_Bright,99.940069,WordsCorrect_SI_Quiet,99.813778,
Male_SX49150Hz-8000Hz_15pwAngle_35dB_privacy__,d_SI_Bright,0.977666,d_SI_Quiet,0.902687,WordsCorrect_SI_Bright,99.939390,WordsCorrect_SI_Quiet,99.775419,
Female1_SA2150Hz-8000Hz_15pwAngle_40dB_privacy__,d_SI_Bright,0.996757,d_SI_Quiet,0.870266,WordsCorrect_SI_Bright,99.956589,WordsCorrect_SI_Quiet,99.604723,
Female1_SI1544150Hz-8000Hz_15pwAngle_40dB_privacy__,d_SI_Bright,0.995397,d_SI_Quiet,0.873892,WordsCorrect_SI_Bright,99.955544,WordsCorrect_SI_Quiet,99.628925,
Female1_SX104150Hz-8000Hz_15pwAngle_40dB_privacy__,d_SI_Bright,0.996114,d_SI_Quiet,0.872218,WordsCorrect_SI_Bright,99.956098,WordsCorrect_SI_Quiet,99.617935,
Female1_SX14150Hz-8000Hz_15pwAngle_40dB_privacy__,d_SI_Bright,0.992907,d_SI_Quiet,0.896707,WordsCorrect_SI_Bright,99.953566,WordsCorrect_SI_Quiet,99.750720,
Female1_SX194150Hz-8000Hz_15pwAngle_40dB_privacy__,d_SI_Bright,0.996186,d_SI_Quiet,0.840662,WordsCorrect_SI_Bright,99.956154,WordsCorrect_SI_Quiet,99.338367,
Female1_SX374150Hz-8000Hz_15pwAngle_40dB_privacy__,d_SI_Bright,0.991934,d_SI_Quiet,0.904567,WordsCorrect_SI_Bright,99.952770,WordsCorrect_SI_Quiet,99.782668,
Female_SA2150Hz-8000Hz_15pwAngle_40dB_privacy__,d_SI_Bright,0.995982,d_SI_Quiet,0.867251,WordsCorrect_SI_Bright,99.955997,WordsCorrect_SI_Quiet,99.583408,
Female_SX126150Hz-8000Hz_15pwAngle_40dB_privacy__,d_SI_Bright,0.997411,d_SI_Quiet,0.905873,WordsCorrect_SI_Bright,99.957083,WordsCorrect_SI_Quiet,99.787565,
Female_SX216150Hz-8000Hz_15pwAngle_40dB_privacy__,d_SI_Bright,0.997532,d_SI_Quiet,0.897155,WordsCorrect_SI_Bright,99.957173,WordsCorrect_SI_Quiet,99.752659,
Female_SX306150Hz-8000Hz_15pwAngle_40dB_privacy__,d_SI_Bright,0.991794,d_SI_Quiet,0.887615,WordsCorrect_SI_Bright,99.952655,WordsCorrect_SI_Quiet,99.707878,
Male1_SI545150Hz-8000Hz_15pwAngle_40dB_privacy__,d_SI_Bright,0.933441,d_SI_Quiet,0.861863,WordsCorrect_SI_Bright,99.868729,WordsCorrect_SI_Quiet,99.542423,
Male1_SX185150Hz-8000Hz_15pwAngle_40dB_privacy__,d_SI_Bright,0.926451,d_SI_Quiet,0.856303,WordsCorrect_SI_Bright,99.851681,WordsCorrect_SI_Quiet,99.495926,
Male1_SX5150Hz-8000Hz_15pwAngle_40dB_privacy__,d_SI_Bright,0.939278,d_SI_Quiet,0.871815,WordsCorrect_SI_Bright,99.881453,WordsCorrect_SI_Quiet,99.615247,
Male_SA2150Hz-8000Hz_15pwAngle_40dB_privacy__,d_SI_Bright,0.988498,d_SI_Quiet,0.912712,WordsCorrect_SI_Bright,99.949846,WordsCorrect_SI_Quiet,99.811469,
Male_SI1669150Hz-8000Hz_15pwAngle_40dB_privacy__,d_SI_Bright,0.989791,d_SI_Quiet,0.931676,WordsCorrect_SI_Bright,99.950967,WordsCorrect_SI_Quiet,99.864619,
Male_SI2299150Hz-8000Hz_15pwAngle_40dB_privacy__,d_SI_Bright,0.988616,d_SI_Quiet,0.929169,WordsCorrect_SI_Bright,99.949949,WordsCorrect_SI_Quiet,99.858559,
Male_SX139150Hz-8000Hz_15pwAngle_40dB_privacy__,d_SI_Bright,0.969040,d_SI_Quiet,0.909016,WordsCorrect_SI_Bright,99.929527,WordsCorrect_SI_Quiet,99.798907,
Male_SX229150Hz-8000Hz_15pwAngle_40dB_privacy__,d_SI_Bright,0.996179,d_SI_Quiet,0.935464,WordsCorrect_SI_Bright,99.956148,WordsCorrect_SI_Quiet,99.873286,
Male_SX319150Hz-8000Hz_15pwAngle_40dB_privacy__,d_SI_Bright,0.980401,d_SI_Quiet,0.923000,WordsCorrect_SI_Bright,99.942219,WordsCorrect_SI_Quiet,99.842468,
Male_SX49150Hz-8000Hz_15pwAngle_40dB_privacy__,d_SI_Bright,0.978607,d_SI_Quiet,0.928818,WordsCorrect_SI_Bright,99.940379,WordsCorrect_SI_Quiet,99.857690,
Female1_SA2150Hz-8000Hz_15pwAngle_45dB_privacy__,d_SI_Bright,0.997792,d_SI_Quiet,0.933165,WordsCorrect_SI_Bright,99.957368,WordsCorrect_SI_Quiet,99.868094,
Female1_SI1544150Hz-8000Hz_15pwAngle_45dB_privacy__,d_SI_Bright,0.996197,d_SI_Quiet,0.937507,WordsCorrect_SI_Bright,99.956162,WordsCorrect_SI_Quiet,99.877729,
Female1_SX104150Hz-8000Hz_15pwAngle_45dB_privacy__,d_SI_Bright,0.996882,d_SI_Quiet,0.942677,WordsCorrect_SI_Bright,99.956684,WordsCorrect_SI_Quiet,99.888289,
Female1_SX14150Hz-8000Hz_15pwAngle_45dB_privacy__,d_SI_Bright,0.994084,d_SI_Quiet,0.939857,WordsCorrect_SI_Bright,99.954512,WordsCorrect_SI_Quiet,99.882647,
Female1_SX194150Hz-8000Hz_15pwAngle_45dB_privacy__,d_SI_Bright,0.997066,d_SI_Quiet,0.933515,WordsCorrect_SI_Bright,99.956823,WordsCorrect_SI_Quiet,99.868898,
Female1_SX374150Hz-8000Hz_15pwAngle_45dB_privacy__,d_SI_Bright,0.993900,d_SI_Quiet,0.938110,WordsCorrect_SI_Bright,99.954366,WordsCorrect_SI_Quiet,99.879010,
Female_SA2150Hz-8000Hz_15pwAngle_45dB_privacy__,d_SI_Bright,0.996497,d_SI_Quiet,0.911104,WordsCorrect_SI_Bright,99.956391,WordsCorrect_SI_Quiet,99.806104,
Female_SX126150Hz-8000Hz_15pwAngle_45dB_privacy__,d_SI_Bright,0.998159,d_SI_Quiet,0.943258,WordsCorrect_SI_Bright,99.957640,WordsCorrect_SI_Quiet,99.889417,
Female_SX216150Hz-8000Hz_15pwAngle_45dB_privacy__,d_SI_Bright,0.997915,d_SI_Quiet,0.937742,WordsCorrect_SI_Bright,99.957459,WordsCorrect_SI_Quiet,99.878230,
Female_SX306150Hz-8000Hz_15pwAngle_45dB_privacy__,d_SI_Bright,0.993604,d_SI_Quiet,0.932898,WordsCorrect_SI_Bright,99.954129,WordsCorrect_SI_Quiet,99.867478,
Male1_SI545150Hz-8000Hz_15pwAngle_45dB_privacy__,d_SI_Bright,0.933595,d_SI_Quiet,0.886081,WordsCorrect_SI_Bright,99.869080,WordsCorrect_SI_Quiet,99.699954,
Male1_SX185150Hz-8000Hz_15pwAngle_45dB_privacy__,d_SI_Bright,0.925967,d_SI_Quiet,0.882236,WordsCorrect_SI_Bright,99.850424,WordsCorrect_SI_Quiet,99.679150,
Male1_SX5150Hz-8000Hz_15pwAngle_45dB_privacy__,d_SI_Bright,0.938991,d_SI_Quiet,0.891545,WordsCorrect_SI_Bright,99.880859,WordsCorrect_SI_Quiet,99.727226,
Male_SA2150Hz-8000Hz_15pwAngle_45dB_privacy__,d_SI_Bright,0.988565,d_SI_Quiet,0.935773,WordsCorrect_SI_Bright,99.949904,WordsCorrect_SI_Quiet,99.873968,
Male_SI1669150Hz-8000Hz_15pwAngle_45dB_privacy__,d_SI_Bright,0.989871,d_SI_Quiet,0.930245,WordsCorrect_SI_Bright,99.951036,WordsCorrect_SI_Quiet,99.861192,
Male_SI2299150Hz-8000Hz_15pwAngle_45dB_privacy__,d_SI_Bright,0.988815,d_SI_Quiet,0.930705,WordsCorrect_SI_Bright,99.950123,WordsCorrect_SI_Quiet,99.862302,
Male_SX139150Hz-8000Hz_15pwAngle_45dB_privacy__,d_SI_Bright,0.968884,d_SI_Quiet,0.914725,WordsCorrect_SI_Bright,99.929335,WordsCorrect_SI_Quiet,99.817980,
Male_SX229150Hz-8000Hz_15pwAngle_45dB_privacy__,d_SI_Bright,0.996414,d_SI_Quiet,0.937821,WordsCorrect_SI_Bright,99.956328,WordsCorrect_SI_Quiet,99.878398,
Male_SX319150Hz-8000Hz_15pwAngle_45dB_privacy__,d_SI_Bright,0.980755,d_SI_Quiet,0.921934,WordsCorrect_SI_Bright,99.942577,WordsCorrect_SI_Quiet,99.839509,
Male_SX49150Hz-8000Hz_15pwAngle_45dB_privacy__,d_SI_Bright,0.978664,d_SI_Quiet,0.926412,WordsCorrect_SI_Bright,99.940438,WordsCorrect_SI_Quiet,99.851581,
Female1_SA2150Hz-8000Hz_15pwAngle_50dB_privacy__,d_SI_Bright,0.998020,d_SI_Quiet,0.948938,WordsCorrect_SI_Bright,99.957537,WordsCorrect_SI_Quiet,99.899864,
Female1_SI1544150Hz-8000Hz_15pwAngle_50dB_privacy__,d_SI_Bright,0.996371,d_SI_Quiet,0.952360,WordsCorrect_SI_Bright,99.956295,WordsCorrect_SI_Quiet,99.905676,
Female1_SX104150Hz-8000Hz_15pwAngle_50dB_privacy__,d_SI_Bright,0.996930,d_SI_Quiet,0.942425,WordsCorrect_SI_Bright,99.956720,WordsCorrect_SI_Quiet,99.887795,
Female1_SX14150Hz-8000Hz_15pwAngle_50dB_privacy__,d_SI_Bright,0.994103,d_SI_Quiet,0.952370,WordsCorrect_SI_Bright,99.954528,WordsCorrect_SI_Quiet,99.905693,
Female1_SX194150Hz-8000Hz_15pwAngle_50dB_privacy__,d_SI_Bright,0.997205,d_SI_Quiet,0.940923,WordsCorrect_SI_Bright,99.956928,WordsCorrect_SI_Quiet,99.884811,
Female1_SX374150Hz-8000Hz_15pwAngle_50dB_privacy__,d_SI_Bright,0.994005,d_SI_Quiet,0.954935,WordsCorrect_SI_Bright,99.954449,WordsCorrect_SI_Quiet,99.909826,
Female_SA2150Hz-8000Hz_15pwAngle_50dB_privacy__,d_SI_Bright,0.996798,d_SI_Quiet,0.946111,WordsCorrect_SI_Bright,99.956620,WordsCorrect_SI_Quiet,99.894794,
Female_SX126150Hz-8000Hz_15pwAngle_50dB_privacy__,d_SI_Bright,0.998340,d_SI_Quiet,0.961843,WordsCorrect_SI_Bright,99.957774,WordsCorrect_SI_Quiet,99.920081,
Female_SX216150Hz-8000Hz_15pwAngle_50dB_privacy__,d_SI_Bright,0.998043,d_SI_Quiet,0.963381,WordsCorrect_SI_Bright,99.957554,WordsCorrect_SI_Quiet,99.922200,
Female_SX306150Hz-8000Hz_15pwAngle_50dB_privacy__,d_SI_Bright,0.993681,d_SI_Quiet,0.959638,WordsCorrect_SI_Bright,99.954190,WordsCorrect_SI_Quiet,99.916940,
Male1_SI545150Hz-8000Hz_15pwAngle_50dB_privacy__,d_SI_Bright,0.933676,d_SI_Quiet,0.901698,WordsCorrect_SI_Bright,99.869266,WordsCorrect_SI_Quiet,99.771509,
Male1_SX185150Hz-8000Hz_15pwAngle_50dB_privacy__,d_SI_Bright,0.925772,d_SI_Quiet,0.889507,WordsCorrect_SI_Bright,99.849912,WordsCorrect_SI_Quiet,99.717359,
Male1_SX5150Hz-8000Hz_15pwAngle_50dB_privacy__,d_SI_Bright,0.938785,d_SI_Quiet,0.907038,WordsCorrect_SI_Bright,99.880428,WordsCorrect_SI_Quiet,99.791842,
Male_SA2150Hz-8000Hz_15pwAngle_50dB_privacy__,d_SI_Bright,0.988620,d_SI_Quiet,0.928872,WordsCorrect_SI_Bright,99.949953,WordsCorrect_SI_Quiet,99.857822,
Male_SI1669150Hz-8000Hz_15pwAngle_50dB_privacy__,d_SI_Bright,0.990071,d_SI_Quiet,0.934383,WordsCorrect_SI_Bright,99.951207,WordsCorrect_SI_Quiet,99.870872,
Male_SI2299150Hz-8000Hz_15pwAngle_50dB_privacy__,d_SI_Bright,0.988972,d_SI_Quiet,0.939676,WordsCorrect_SI_Bright,99.950260,WordsCorrect_SI_Quiet,99.882276,
Male_SX139150Hz-8000Hz_15pwAngle_50dB_privacy__,d_SI_Bright,0.968947,d_SI_Quiet,0.922006,WordsCorrect_SI_Bright,99.929412,WordsCorrect_SI_Quiet,99.839711,
Male_SX229150Hz-8000Hz_15pwAngle_50dB_privacy__,d_SI_Bright,0.996571,d_SI_Quiet,0.959149,WordsCorrect_SI_Bright,99.956447,WordsCorrect_SI_Quiet,99.916229,
Male_SX319150Hz-8000Hz_15pwAngle_50dB_privacy__,d_SI_Bright,0.980756,d_SI_Quiet,0.927219,WordsCorrect_SI_Bright,99.942577,WordsCorrect_SI_Quiet,99.853658,
Male_SX49150Hz-8000Hz_15pwAngle_50dB_privacy__,d_SI_Bright,0.978791,d_SI_Quiet,0.935128,WordsCorrect_SI_Bright,99.940571,WordsCorrect_SI_Quiet,99.872541,
Female1_SA2150Hz-8000Hz_15pwAngle_55dB_privacy__,d_SI_Bright,0.998153,d_SI_Quiet,0.969981,WordsCorrect_SI_Bright,99.957636,WordsCorrect_SI_Quiet,99.930676,
Female1_SI1544150Hz-8000Hz_15pwAngle_55dB_privacy__,d_SI_Bright,0.996460,d_SI_Quiet,0.969441,WordsCorrect_SI_Bright,99.956363,WordsCorrect_SI_Quiet,99.930020,
Female1_SX104150Hz-8000Hz_15pwAngle_55dB_privacy__,d_SI_Bright,0.997175,d_SI_Quiet,0.962799,WordsCorrect_SI_Bright,99.956905,WordsCorrect_SI_Quiet,99.921405,
Female1_SX14150Hz-8000Hz_15pwAngle_55dB_privacy__,d_SI_Bright,0.994215,d_SI_Quiet,0.965096,WordsCorrect_SI_Bright,99.954616,WordsCorrect_SI_Quiet,99.924498,
Female1_SX194150Hz-8000Hz_15pwAngle_55dB_privacy__,d_SI_Bright,0.997401,d_SI_Quiet,0.967938,WordsCorrect_SI_Bright,99.957075,WordsCorrect_SI_Quiet,99.928156,
Female1_SX374150Hz-8000Hz_15pwAngle_55dB_privacy__,d_SI_Bright,0.994164,d_SI_Quiet,0.967460,WordsCorrect_SI_Bright,99.954576,WordsCorrect_SI_Quiet,99.927554,
Female_SA2150Hz-8000Hz_15pwAngle_55dB_privacy__,d_SI_Bright,0.996842,d_SI_Quiet,0.966925,WordsCorrect_SI_Bright,99.956654,WordsCorrect_SI_Quiet,99.926874,
Female_SX126150Hz-8000Hz_15pwAngle_55dB_privacy__,d_SI_Bright,0.998420,d_SI_Quiet,0.976719,WordsCorrect_SI_Bright,99.957833,WordsCorrect_SI_Quiet,99.938379,
Female_SX216150Hz-8000Hz_15pwAngle_55dB_privacy__,d_SI_Bright,0.998082,d_SI_Quiet,0.974675,WordsCorrect_SI_Bright,99.957583,WordsCorrect_SI_Quiet,99.936138,
Female_SX306150Hz-8000Hz_15pwAngle_55dB_privacy__,d_SI_Bright,0.993707,d_SI_Quiet,0.970092,WordsCorrect_SI_Bright,99.954212,WordsCorrect_SI_Quiet,99.930811,
Male1_SI545150Hz-8000Hz_15pwAngle_55dB_privacy__,d_SI_Bright,0.933709,d_SI_Quiet,0.911597,WordsCorrect_SI_Bright,99.869341,WordsCorrect_SI_Quiet,99.807764,
Male1_SX185150Hz-8000Hz_15pwAngle_55dB_privacy__,d_SI_Bright,0.926032,d_SI_Quiet,0.914370,WordsCorrect_SI_Bright,99.850593,WordsCorrect_SI_Quiet,99.816847,
Male1_SX5150Hz-8000Hz_15pwAngle_55dB_privacy__,d_SI_Bright,0.938792,d_SI_Quiet,0.926749,WordsCorrect_SI_Bright,99.880443,WordsCorrect_SI_Quiet,99.852453,
Male_SA2150Hz-8000Hz_15pwAngle_55dB_privacy__,d_SI_Bright,0.988840,d_SI_Quiet,0.958653,WordsCorrect_SI_Bright,99.950145,WordsCorrect_SI_Quiet,99.915499,
Male_SI1669150Hz-8000Hz_15pwAngle_55dB_privacy__,d_SI_Bright,0.990275,d_SI_Quiet,0.957699,WordsCorrect_SI_Bright,99.951380,WordsCorrect_SI_Quiet,99.914079,
Male_SI2299150Hz-8000Hz_15pwAngle_55dB_privacy__,d_SI_Bright,0.989085,d_SI_Quiet,0.958554,WordsCorrect_SI_Bright,99.950358,WordsCorrect_SI_Quiet,99.915353,
Male_SX139150Hz-8000Hz_15pwAngle_55dB_privacy__,d_SI_Bright,0.969055,d_SI_Quiet,0.935960,WordsCorrect_SI_Bright,99.929545,WordsCorrect_SI_Quiet,99.874379,
Male_SX229150Hz-8000Hz_15pwAngle_55dB_privacy__,d_SI_Bright,0.996683,d_SI_Quiet,0.975028,WordsCorrect_SI_Bright,99.956533,WordsCorrect_SI_Quiet,99.936530,
Male_SX319150Hz-8000Hz_15pwAngle_55dB_privacy__,d_SI_Bright,0.980914,d_SI_Quiet,0.942408,WordsCorrect_SI_Bright,99.942736,WordsCorrect_SI_Quiet,99.887762,
Male_SX49150Hz-8000Hz_15pwAngle_55dB_privacy__,d_SI_Bright,0.978928,d_SI_Quiet,0.953512,WordsCorrect_SI_Bright,99.940713,WordsCorrect_SI_Quiet,99.907557,
Female1_SA2150Hz-8000Hz_15pwAngle_60dB_privacy__,d_SI_Bright,0.998169,d_SI_Quiet,0.978995,WordsCorrect_SI_Bright,99.957648,WordsCorrect_SI_Quiet,99.940782,
Female1_SI1544150Hz-8000Hz_15pwAngle_60dB_privacy__,d_SI_Bright,0.996489,d_SI_Quiet,0.978796,WordsCorrect_SI_Bright,99.956385,WordsCorrect_SI_Quiet,99.940576,
Female1_SX104150Hz-8000Hz_15pwAngle_60dB_privacy__,d_SI_Bright,0.997251,d_SI_Quiet,0.975460,WordsCorrect_SI_Bright,99.956962,WordsCorrect_SI_Quiet,99.937008,
Female1_SX14150Hz-8000Hz_15pwAngle_60dB_privacy__,d_SI_Bright,0.994433,d_SI_Quiet,0.972258,WordsCorrect_SI_Bright,99.954789,WordsCorrect_SI_Quiet,99.933381,
Female1_SX194150Hz-8000Hz_15pwAngle_60dB_privacy__,d_SI_Bright,0.997439,d_SI_Quiet,0.978374,WordsCorrect_SI_Bright,99.957103,WordsCorrect_SI_Quiet,99.940136,
Female1_SX374150Hz-8000Hz_15pwAngle_60dB_privacy__,d_SI_Bright,0.994193,d_SI_Quiet,0.972708,WordsCorrect_SI_Bright,99.954599,WordsCorrect_SI_Quiet,99.933903,
Female_SA2150Hz-8000Hz_15pwAngle_60dB_privacy__,d_SI_Bright,0.996858,d_SI_Quiet,0.973559,WordsCorrect_SI_Bright,99.956666,WordsCorrect_SI_Quiet,99.934879,
Female_SX126150Hz-8000Hz_15pwAngle_60dB_privacy__,d_SI_Bright,0.998436,d_SI_Quiet,0.982998,WordsCorrect_SI_Bright,99.957845,WordsCorrect_SI_Quiet,99.944784,
Female_SX216150Hz-8000Hz_15pwAngle_60dB_privacy__,d_SI_Bright,0.998088,d_SI_Quiet,0.978276,WordsCorrect_SI_Bright,99.957588,WordsCorrect_SI_Quiet,99.940033,
Female_SX306150Hz-8000Hz_15pwAngle_60dB_privacy__,d_SI_Bright,0.993713,d_SI_Quiet,0.973188,WordsCorrect_SI_Bright,99.954216,WordsCorrect_SI_Quiet,99.934455,
Male1_SI545150Hz-8000Hz_15pwAngle_60dB_privacy__,d_SI_Bright,0.933727,d_SI_Quiet,0.917432,WordsCorrect_SI_Bright,99.869383,WordsCorrect_SI_Quiet,99.826383,
Male1_SX185150Hz-8000Hz_15pwAngle_60dB_privacy__,d_SI_Bright,0.926143,d_SI_Quiet,0.924668,WordsCorrect_SI_Bright,99.850881,WordsCorrect_SI_Quiet,99.846992,
Male1_SX5150Hz-8000Hz_15pwAngle_60dB_privacy__,d_SI_Bright,0.938827,d_SI_Quiet,0.932814,WordsCorrect_SI_Bright,99.880516,WordsCorrect_SI_Quiet,99.867282,
Male_SA2150Hz-8000Hz_15pwAngle_60dB_privacy__,d_SI_Bright,0.988863,d_SI_Quiet,0.971464,WordsCorrect_SI_Bright,99.950165,WordsCorrect_SI_Quiet,99.932450,
Male_SI1669150Hz-8000Hz_15pwAngle_60dB_privacy__,d_SI_Bright,0.990300,d_SI_Quiet,0.967785,WordsCorrect_SI_Bright,99.951401,WordsCorrect_SI_Quiet,99.927964,
Male_SI2299150Hz-8000Hz_15pwAngle_60dB_privacy__,d_SI_Bright,0.989122,d_SI_Quiet,0.969278,WordsCorrect_SI_Bright,99.950390,WordsCorrect_SI_Quiet,99.929819,
Male_SX139150Hz-8000Hz_15pwAngle_60dB_privacy__,d_SI_Bright,0.969075,d_SI_Quiet,0.945043,WordsCorrect_SI_Bright,99.929570,WordsCorrect_SI_Quiet,99.892811,
Male_SX229150Hz-8000Hz_15pwAngle_60dB_privacy__,d_SI_Bright,0.996700,d_SI_Quiet,0.982200,WordsCorrect_SI_Bright,99.956545,WordsCorrect_SI_Quiet,99.944009,
Male_SX319150Hz-8000Hz_15pwAngle_60dB_privacy__,d_SI_Bright,0.980967,d_SI_Quiet,0.957087,WordsCorrect_SI_Bright,99.942789,WordsCorrect_SI_Quiet,99.913154,
Male_SX49150Hz-8000Hz_15pwAngle_60dB_privacy__,d_SI_Bright,0.978967,d_SI_Quiet,0.965917,WordsCorrect_SI_Bright,99.940753,WordsCorrect_SI_Quiet,99.925574,
