Female1_SA2_150Hz-8000Hz_15pwAngle_0dB_10000weight__withFlatMask,PESQ_MOS_Bright,1.172470,PESQ_MOS_Quiet,1.104738,
Female1_SI1544_150Hz-8000Hz_15pwAngle_0dB_10000weight__withFlatMask,PESQ_MOS_Bright,1.194667,PESQ_MOS_Quiet,1.268385,
Female1_SX104_150Hz-8000Hz_15pwAngle_0dB_10000weight__withFlatMask,PESQ_MOS_Bright,1.156229,PESQ_MOS_Quiet,1.118930,
Female1_SX14_150Hz-8000Hz_15pwAngle_0dB_10000weight__withFlatMask,PESQ_MOS_Bright,1.158400,PESQ_MOS_Quiet,1.268359,
Female1_SX194_150Hz-8000Hz_15pwAngle_0dB_10000weight__withFlatMask,PESQ_MOS_Bright,1.243711,PESQ_MOS_Quiet,1.191718,
Female1_SX374_150Hz-8000Hz_15pwAngle_0dB_10000weight__withFlatMask,PESQ_MOS_Bright,1.131046,PESQ_MOS_Quiet,1.108394,
Female_SA2_150Hz-8000Hz_15pwAngle_0dB_10000weight__withFlatMask,PESQ_MOS_Bright,1.193448,PESQ_MOS_Quiet,1.111379,
Female_SX126_150Hz-8000Hz_15pwAngle_0dB_10000weight__withFlatMask,PESQ_MOS_Bright,1.127026,PESQ_MOS_Quiet,1.095647,
Female_SX216_150Hz-8000Hz_15pwAngle_0dB_10000weight__withFlatMask,PESQ_MOS_Bright,1.172295,PESQ_MOS_Quiet,1.086580,
Female_SX306_150Hz-8000Hz_15pwAngle_0dB_10000weight__withFlatMask,PESQ_MOS_Bright,1.139086,PESQ_MOS_Quiet,1.138483,
Male1_SI545_150Hz-8000Hz_15pwAngle_0dB_10000weight__withFlatMask,PESQ_MOS_Bright,1.324889,PESQ_MOS_Quiet,1.092936,
Male1_SX185_150Hz-8000Hz_15pwAngle_0dB_10000weight__withFlatMask,PESQ_MOS_Bright,1.170535,PESQ_MOS_Quiet,1.123434,
Male1_SX5_150Hz-8000Hz_15pwAngle_0dB_10000weight__withFlatMask,PESQ_MOS_Bright,1.232206,PESQ_MOS_Quiet,1.148632,
Male_SA2_150Hz-8000Hz_15pwAngle_0dB_10000weight__withFlatMask,PESQ_MOS_Bright,1.269023,PESQ_MOS_Quiet,1.255521,
Male_SI1669_150Hz-8000Hz_15pwAngle_0dB_10000weight__withFlatMask,PESQ_MOS_Bright,1.287558,PESQ_MOS_Quiet,1.173870,
Male_SI2299_150Hz-8000Hz_15pwAngle_0dB_10000weight__withFlatMask,PESQ_MOS_Bright,1.204316,PESQ_MOS_Quiet,1.135355,
Male_SX139_150Hz-8000Hz_15pwAngle_0dB_10000weight__withFlatMask,PESQ_MOS_Bright,1.119929,PESQ_MOS_Quiet,1.080685,
Male_SX229_150Hz-8000Hz_15pwAngle_0dB_10000weight__withFlatMask,PESQ_MOS_Bright,1.209809,PESQ_MOS_Quiet,1.146962,
Male_SX319_150Hz-8000Hz_15pwAngle_0dB_10000weight__withFlatMask,PESQ_MOS_Bright,1.151032,PESQ_MOS_Quiet,1.085375,
Male_SX49_150Hz-8000Hz_15pwAngle_0dB_10000weight__withFlatMask,PESQ_MOS_Bright,1.122084,PESQ_MOS_Quiet,1.060525,
Female1_SA2_150Hz-8000Hz_15pwAngle_5dB_10000weight__withFlatMask,PESQ_MOS_Bright,1.251264,PESQ_MOS_Quiet,1.066188,
Female1_SI1544_150Hz-8000Hz_15pwAngle_5dB_10000weight__withFlatMask,PESQ_MOS_Bright,1.253279,PESQ_MOS_Quiet,1.344622,
Female1_SX104_150Hz-8000Hz_15pwAngle_5dB_10000weight__withFlatMask,PESQ_MOS_Bright,1.216994,PESQ_MOS_Quiet,1.139068,
Female1_SX14_150Hz-8000Hz_15pwAngle_5dB_10000weight__withFlatMask,PESQ_MOS_Bright,1.212545,PESQ_MOS_Quiet,1.096932,
Female1_SX194_150Hz-8000Hz_15pwAngle_5dB_10000weight__withFlatMask,PESQ_MOS_Bright,1.308774,PESQ_MOS_Quiet,1.181985,
Female1_SX374_150Hz-8000Hz_15pwAngle_5dB_10000weight__withFlatMask,PESQ_MOS_Bright,1.178661,PESQ_MOS_Quiet,1.080830,
Female_SA2_150Hz-8000Hz_15pwAngle_5dB_10000weight__withFlatMask,PESQ_MOS_Bright,1.294112,PESQ_MOS_Quiet,1.057268,
Female_SX126_150Hz-8000Hz_15pwAngle_5dB_10000weight__withFlatMask,PESQ_MOS_Bright,1.182987,PESQ_MOS_Quiet,1.083290,
Female_SX216_150Hz-8000Hz_15pwAngle_5dB_10000weight__withFlatMask,PESQ_MOS_Bright,1.240022,PESQ_MOS_Quiet,1.117992,
Female_SX306_150Hz-8000Hz_15pwAngle_5dB_10000weight__withFlatMask,PESQ_MOS_Bright,1.181568,PESQ_MOS_Quiet,1.116938,
Male1_SI545_150Hz-8000Hz_15pwAngle_5dB_10000weight__withFlatMask,PESQ_MOS_Bright,1.394486,PESQ_MOS_Quiet,1.336564,
Male1_SX185_150Hz-8000Hz_15pwAngle_5dB_10000weight__withFlatMask,PESQ_MOS_Bright,1.233905,PESQ_MOS_Quiet,1.152698,
Male1_SX5_150Hz-8000Hz_15pwAngle_5dB_10000weight__withFlatMask,PESQ_MOS_Bright,1.360552,PESQ_MOS_Quiet,1.151613,
Male_SA2_150Hz-8000Hz_15pwAngle_5dB_10000weight__withFlatMask,PESQ_MOS_Bright,1.382823,PESQ_MOS_Quiet,1.190210,
Male_SI1669_150Hz-8000Hz_15pwAngle_5dB_10000weight__withFlatMask,PESQ_MOS_Bright,1.419718,PESQ_MOS_Quiet,1.147694,
Male_SI2299_150Hz-8000Hz_15pwAngle_5dB_10000weight__withFlatMask,PESQ_MOS_Bright,1.267403,PESQ_MOS_Quiet,1.108671,
Male_SX139_150Hz-8000Hz_15pwAngle_5dB_10000weight__withFlatMask,PESQ_MOS_Bright,1.186786,PESQ_MOS_Quiet,1.086636,
Male_SX229_150Hz-8000Hz_15pwAngle_5dB_10000weight__withFlatMask,PESQ_MOS_Bright,1.316703,PESQ_MOS_Quiet,1.112165,
Male_SX319_150Hz-8000Hz_15pwAngle_5dB_10000weight__withFlatMask,PESQ_MOS_Bright,1.217392,PESQ_MOS_Quiet,1.101704,
Male_SX49_150Hz-8000Hz_15pwAngle_5dB_10000weight__withFlatMask,PESQ_MOS_Bright,1.212523,PESQ_MOS_Quiet,1.075743,
Female1_SA2_150Hz-8000Hz_15pwAngle_10dB_10000weight__withFlatMask,PESQ_MOS_Bright,1.402467,PESQ_MOS_Quiet,1.106934,
Female1_SI1544_150Hz-8000Hz_15pwAngle_10dB_10000weight__withFlatMask,PESQ_MOS_Bright,1.336604,PESQ_MOS_Quiet,1.120448,
Female1_SX104_150Hz-8000Hz_15pwAngle_10dB_10000weight__withFlatMask,PESQ_MOS_Bright,1.312320,PESQ_MOS_Quiet,1.130481,
Female1_SX14_150Hz-8000Hz_15pwAngle_10dB_10000weight__withFlatMask,PESQ_MOS_Bright,1.318587,PESQ_MOS_Quiet,1.111546,
Female1_SX194_150Hz-8000Hz_15pwAngle_10dB_10000weight__withFlatMask,PESQ_MOS_Bright,1.463279,PESQ_MOS_Quiet,1.181737,
Female1_SX374_150Hz-8000Hz_15pwAngle_10dB_10000weight__withFlatMask,PESQ_MOS_Bright,1.262708,PESQ_MOS_Quiet,1.087104,
Female_SA2_150Hz-8000Hz_15pwAngle_10dB_10000weight__withFlatMask,PESQ_MOS_Bright,1.440045,PESQ_MOS_Quiet,1.110872,
Female_SX126_150Hz-8000Hz_15pwAngle_10dB_10000weight__withFlatMask,PESQ_MOS_Bright,1.292905,PESQ_MOS_Quiet,1.086688,
Female_SX216_150Hz-8000Hz_15pwAngle_10dB_10000weight__withFlatMask,PESQ_MOS_Bright,1.394088,PESQ_MOS_Quiet,1.117749,
Female_SX306_150Hz-8000Hz_15pwAngle_10dB_10000weight__withFlatMask,PESQ_MOS_Bright,1.261028,PESQ_MOS_Quiet,1.078648,
Male1_SI545_150Hz-8000Hz_15pwAngle_10dB_10000weight__withFlatMask,PESQ_MOS_Bright,1.523878,PESQ_MOS_Quiet,1.270810,
Male1_SX185_150Hz-8000Hz_15pwAngle_10dB_10000weight__withFlatMask,PESQ_MOS_Bright,1.348227,PESQ_MOS_Quiet,1.141607,
Male1_SX5_150Hz-8000Hz_15pwAngle_10dB_10000weight__withFlatMask,PESQ_MOS_Bright,1.575775,PESQ_MOS_Quiet,1.302390,
Male_SA2_150Hz-8000Hz_15pwAngle_10dB_10000weight__withFlatMask,PESQ_MOS_Bright,1.583819,PESQ_MOS_Quiet,1.165826,
Male_SI1669_150Hz-8000Hz_15pwAngle_10dB_10000weight__withFlatMask,PESQ_MOS_Bright,1.674422,PESQ_MOS_Quiet,1.190374,
Male_SI2299_150Hz-8000Hz_15pwAngle_10dB_10000weight__withFlatMask,PESQ_MOS_Bright,1.429078,PESQ_MOS_Quiet,1.186873,
Male_SX139_150Hz-8000Hz_15pwAngle_10dB_10000weight__withFlatMask,PESQ_MOS_Bright,1.325156,PESQ_MOS_Quiet,1.068460,
Male_SX229_150Hz-8000Hz_15pwAngle_10dB_10000weight__withFlatMask,PESQ_MOS_Bright,1.526998,PESQ_MOS_Quiet,1.130535,
Male_SX319_150Hz-8000Hz_15pwAngle_10dB_10000weight__withFlatMask,PESQ_MOS_Bright,1.329802,PESQ_MOS_Quiet,1.090632,
Male_SX49_150Hz-8000Hz_15pwAngle_10dB_10000weight__withFlatMask,PESQ_MOS_Bright,1.396277,PESQ_MOS_Quiet,1.081137,
Female1_SA2_150Hz-8000Hz_15pwAngle_15dB_10000weight__withFlatMask,PESQ_MOS_Bright,1.662146,PESQ_MOS_Quiet,1.094348,
Female1_SI1544_150Hz-8000Hz_15pwAngle_15dB_10000weight__withFlatMask,PESQ_MOS_Bright,1.528443,PESQ_MOS_Quiet,1.078869,
Female1_SX104_150Hz-8000Hz_15pwAngle_15dB_10000weight__withFlatMask,PESQ_MOS_Bright,1.478039,PESQ_MOS_Quiet,1.091870,
Female1_SX14_150Hz-8000Hz_15pwAngle_15dB_10000weight__withFlatMask,PESQ_MOS_Bright,1.504130,PESQ_MOS_Quiet,1.118079,
Female1_SX194_150Hz-8000Hz_15pwAngle_15dB_10000weight__withFlatMask,PESQ_MOS_Bright,1.731441,PESQ_MOS_Quiet,1.185532,
Female1_SX374_150Hz-8000Hz_15pwAngle_15dB_10000weight__withFlatMask,PESQ_MOS_Bright,1.445632,PESQ_MOS_Quiet,1.090020,
Female_SA2_150Hz-8000Hz_15pwAngle_15dB_10000weight__withFlatMask,PESQ_MOS_Bright,1.690157,PESQ_MOS_Quiet,1.128845,
Female_SX126_150Hz-8000Hz_15pwAngle_15dB_10000weight__withFlatMask,PESQ_MOS_Bright,1.451860,PESQ_MOS_Quiet,1.097517,
Female_SX216_150Hz-8000Hz_15pwAngle_15dB_10000weight__withFlatMask,PESQ_MOS_Bright,1.606570,PESQ_MOS_Quiet,1.084736,
Female_SX306_150Hz-8000Hz_15pwAngle_15dB_10000weight__withFlatMask,PESQ_MOS_Bright,1.431929,PESQ_MOS_Quiet,1.120011,
Male1_SI545_150Hz-8000Hz_15pwAngle_15dB_10000weight__withFlatMask,PESQ_MOS_Bright,1.726123,PESQ_MOS_Quiet,1.239589,
Male1_SX185_150Hz-8000Hz_15pwAngle_15dB_10000weight__withFlatMask,PESQ_MOS_Bright,1.558546,PESQ_MOS_Quiet,1.083021,
Male1_SX5_150Hz-8000Hz_15pwAngle_15dB_10000weight__withFlatMask,PESQ_MOS_Bright,1.962802,PESQ_MOS_Quiet,1.158653,
Male_SA2_150Hz-8000Hz_15pwAngle_15dB_10000weight__withFlatMask,PESQ_MOS_Bright,1.939876,PESQ_MOS_Quiet,1.185544,
Male_SI1669_150Hz-8000Hz_15pwAngle_15dB_10000weight__withFlatMask,PESQ_MOS_Bright,1.991985,PESQ_MOS_Quiet,1.204022,
Male_SI2299_150Hz-8000Hz_15pwAngle_15dB_10000weight__withFlatMask,PESQ_MOS_Bright,1.705581,PESQ_MOS_Quiet,1.153216,
Male_SX139_150Hz-8000Hz_15pwAngle_15dB_10000weight__withFlatMask,PESQ_MOS_Bright,1.604129,PESQ_MOS_Quiet,1.085530,
Male_SX229_150Hz-8000Hz_15pwAngle_15dB_10000weight__withFlatMask,PESQ_MOS_Bright,1.856847,PESQ_MOS_Quiet,1.143844,
Male_SX319_150Hz-8000Hz_15pwAngle_15dB_10000weight__withFlatMask,PESQ_MOS_Bright,1.549252,PESQ_MOS_Quiet,1.107753,
Male_SX49_150Hz-8000Hz_15pwAngle_15dB_10000weight__withFlatMask,PESQ_MOS_Bright,1.635913,PESQ_MOS_Quiet,1.080539,
Female1_SA2_150Hz-8000Hz_15pwAngle_20dB_10000weight__withFlatMask,PESQ_MOS_Bright,2.030580,PESQ_MOS_Quiet,1.138969,
Female1_SI1544_150Hz-8000Hz_15pwAngle_20dB_10000weight__withFlatMask,PESQ_MOS_Bright,1.791277,PESQ_MOS_Quiet,1.137313,
Female1_SX104_150Hz-8000Hz_15pwAngle_20dB_10000weight__withFlatMask,PESQ_MOS_Bright,1.749369,PESQ_MOS_Quiet,1.709071,
Female1_SX14_150Hz-8000Hz_15pwAngle_20dB_10000weight__withFlatMask,PESQ_MOS_Bright,1.757181,PESQ_MOS_Quiet,1.155851,
Female1_SX194_150Hz-8000Hz_15pwAngle_20dB_10000weight__withFlatMask,PESQ_MOS_Bright,1.999603,PESQ_MOS_Quiet,1.196765,
Female1_SX374_150Hz-8000Hz_15pwAngle_20dB_10000weight__withFlatMask,PESQ_MOS_Bright,1.735851,PESQ_MOS_Quiet,1.097728,
Female_SA2_150Hz-8000Hz_15pwAngle_20dB_10000weight__withFlatMask,PESQ_MOS_Bright,2.015622,PESQ_MOS_Quiet,1.161704,
Female_SX126_150Hz-8000Hz_15pwAngle_20dB_10000weight__withFlatMask,PESQ_MOS_Bright,1.697212,PESQ_MOS_Quiet,1.109676,
Female_SX216_150Hz-8000Hz_15pwAngle_20dB_10000weight__withFlatMask,PESQ_MOS_Bright,1.868566,PESQ_MOS_Quiet,1.127851,
Female_SX306_150Hz-8000Hz_15pwAngle_20dB_10000weight__withFlatMask,PESQ_MOS_Bright,1.719795,PESQ_MOS_Quiet,1.130261,
Male1_SI545_150Hz-8000Hz_15pwAngle_20dB_10000weight__withFlatMask,PESQ_MOS_Bright,1.999359,PESQ_MOS_Quiet,1.270026,
Male1_SX185_150Hz-8000Hz_15pwAngle_20dB_10000weight__withFlatMask,PESQ_MOS_Bright,1.867609,PESQ_MOS_Quiet,1.153453,
Male1_SX5_150Hz-8000Hz_15pwAngle_20dB_10000weight__withFlatMask,PESQ_MOS_Bright,2.337647,PESQ_MOS_Quiet,1.195192,
Male_SA2_150Hz-8000Hz_15pwAngle_20dB_10000weight__withFlatMask,PESQ_MOS_Bright,2.397339,PESQ_MOS_Quiet,1.217012,
Male_SI1669_150Hz-8000Hz_15pwAngle_20dB_10000weight__withFlatMask,PESQ_MOS_Bright,2.472654,PESQ_MOS_Quiet,1.264704,
Male_SI2299_150Hz-8000Hz_15pwAngle_20dB_10000weight__withFlatMask,PESQ_MOS_Bright,2.103472,PESQ_MOS_Quiet,1.161588,
Male_SX139_150Hz-8000Hz_15pwAngle_20dB_10000weight__withFlatMask,PESQ_MOS_Bright,1.947087,PESQ_MOS_Quiet,1.103452,
Male_SX229_150Hz-8000Hz_15pwAngle_20dB_10000weight__withFlatMask,PESQ_MOS_Bright,2.239199,PESQ_MOS_Quiet,1.184082,
Male_SX319_150Hz-8000Hz_15pwAngle_20dB_10000weight__withFlatMask,PESQ_MOS_Bright,1.852900,PESQ_MOS_Quiet,1.137039,
Male_SX49_150Hz-8000Hz_15pwAngle_20dB_10000weight__withFlatMask,PESQ_MOS_Bright,2.043220,PESQ_MOS_Quiet,1.106011,
Female1_SA2_150Hz-8000Hz_15pwAngle_25dB_10000weight__withFlatMask,PESQ_MOS_Bright,2.510067,PESQ_MOS_Quiet,1.178320,
Female1_SI1544_150Hz-8000Hz_15pwAngle_25dB_10000weight__withFlatMask,PESQ_MOS_Bright,2.122700,PESQ_MOS_Quiet,1.144509,
Female1_SX104_150Hz-8000Hz_15pwAngle_25dB_10000weight__withFlatMask,PESQ_MOS_Bright,2.047771,PESQ_MOS_Quiet,1.150804,
Female1_SX14_150Hz-8000Hz_15pwAngle_25dB_10000weight__withFlatMask,PESQ_MOS_Bright,2.090580,PESQ_MOS_Quiet,1.198428,
Female1_SX194_150Hz-8000Hz_15pwAngle_25dB_10000weight__withFlatMask,PESQ_MOS_Bright,2.469498,PESQ_MOS_Quiet,1.221491,
Female1_SX374_150Hz-8000Hz_15pwAngle_25dB_10000weight__withFlatMask,PESQ_MOS_Bright,2.184884,PESQ_MOS_Quiet,1.117524,
Female_SA2_150Hz-8000Hz_15pwAngle_25dB_10000weight__withFlatMask,PESQ_MOS_Bright,2.485138,PESQ_MOS_Quiet,1.200711,
Female_SX126_150Hz-8000Hz_15pwAngle_25dB_10000weight__withFlatMask,PESQ_MOS_Bright,2.118496,PESQ_MOS_Quiet,1.157852,
Female_SX216_150Hz-8000Hz_15pwAngle_25dB_10000weight__withFlatMask,PESQ_MOS_Bright,2.239819,PESQ_MOS_Quiet,1.155868,
Female_SX306_150Hz-8000Hz_15pwAngle_25dB_10000weight__withFlatMask,PESQ_MOS_Bright,2.156711,PESQ_MOS_Quiet,1.154772,
Male1_SI545_150Hz-8000Hz_15pwAngle_25dB_10000weight__withFlatMask,PESQ_MOS_Bright,2.356076,PESQ_MOS_Quiet,1.291607,
Male1_SX185_150Hz-8000Hz_15pwAngle_25dB_10000weight__withFlatMask,PESQ_MOS_Bright,2.262367,PESQ_MOS_Quiet,1.174405,
Male1_SX5_150Hz-8000Hz_15pwAngle_25dB_10000weight__withFlatMask,PESQ_MOS_Bright,2.893362,PESQ_MOS_Quiet,1.249496,
Male_SA2_150Hz-8000Hz_15pwAngle_25dB_10000weight__withFlatMask,PESQ_MOS_Bright,3.010152,PESQ_MOS_Quiet,1.297569,
Male_SI1669_150Hz-8000Hz_15pwAngle_25dB_10000weight__withFlatMask,PESQ_MOS_Bright,2.904344,PESQ_MOS_Quiet,1.327591,
Male_SI2299_150Hz-8000Hz_15pwAngle_25dB_10000weight__withFlatMask,PESQ_MOS_Bright,2.591207,PESQ_MOS_Quiet,1.194490,
Male_SX139_150Hz-8000Hz_15pwAngle_25dB_10000weight__withFlatMask,PESQ_MOS_Bright,2.400919,PESQ_MOS_Quiet,1.153096,
Male_SX229_150Hz-8000Hz_15pwAngle_25dB_10000weight__withFlatMask,PESQ_MOS_Bright,2.778962,PESQ_MOS_Quiet,1.252687,
Male_SX319_150Hz-8000Hz_15pwAngle_25dB_10000weight__withFlatMask,PESQ_MOS_Bright,2.245684,PESQ_MOS_Quiet,1.185091,
Male_SX49_150Hz-8000Hz_15pwAngle_25dB_10000weight__withFlatMask,PESQ_MOS_Bright,2.545557,PESQ_MOS_Quiet,1.148022,
Female1_SA2_150Hz-8000Hz_15pwAngle_30dB_10000weight__withFlatMask,PESQ_MOS_Bright,3.014545,PESQ_MOS_Quiet,1.255569,
Female1_SI1544_150Hz-8000Hz_15pwAngle_30dB_10000weight__withFlatMask,PESQ_MOS_Bright,2.496696,PESQ_MOS_Quiet,1.185142,
Female1_SX104_150Hz-8000Hz_15pwAngle_30dB_10000weight__withFlatMask,PESQ_MOS_Bright,2.458977,PESQ_MOS_Quiet,1.194390,
Female1_SX14_150Hz-8000Hz_15pwAngle_30dB_10000weight__withFlatMask,PESQ_MOS_Bright,2.587060,PESQ_MOS_Quiet,1.293369,
Female1_SX194_150Hz-8000Hz_15pwAngle_30dB_10000weight__withFlatMask,PESQ_MOS_Bright,2.826781,PESQ_MOS_Quiet,1.273937,
Female1_SX374_150Hz-8000Hz_15pwAngle_30dB_10000weight__withFlatMask,PESQ_MOS_Bright,2.801194,PESQ_MOS_Quiet,1.135227,
Female_SA2_150Hz-8000Hz_15pwAngle_30dB_10000weight__withFlatMask,PESQ_MOS_Bright,2.914448,PESQ_MOS_Quiet,1.276822,
Female_SX126_150Hz-8000Hz_15pwAngle_30dB_10000weight__withFlatMask,PESQ_MOS_Bright,2.576051,PESQ_MOS_Quiet,1.197497,
Female_SX216_150Hz-8000Hz_15pwAngle_30dB_10000weight__withFlatMask,PESQ_MOS_Bright,2.697191,PESQ_MOS_Quiet,1.215609,
Female_SX306_150Hz-8000Hz_15pwAngle_30dB_10000weight__withFlatMask,PESQ_MOS_Bright,2.679351,PESQ_MOS_Quiet,1.227223,
Male1_SI545_150Hz-8000Hz_15pwAngle_30dB_10000weight__withFlatMask,PESQ_MOS_Bright,2.662560,PESQ_MOS_Quiet,1.310856,
Male1_SX185_150Hz-8000Hz_15pwAngle_30dB_10000weight__withFlatMask,PESQ_MOS_Bright,2.743922,PESQ_MOS_Quiet,1.236270,
Male1_SX5_150Hz-8000Hz_15pwAngle_30dB_10000weight__withFlatMask,PESQ_MOS_Bright,3.216482,PESQ_MOS_Quiet,1.348059,
Male_SA2_150Hz-8000Hz_15pwAngle_30dB_10000weight__withFlatMask,PESQ_MOS_Bright,3.447059,PESQ_MOS_Quiet,1.396640,
Male_SI1669_150Hz-8000Hz_15pwAngle_30dB_10000weight__withFlatMask,PESQ_MOS_Bright,3.353657,PESQ_MOS_Quiet,1.475457,
Male_SI2299_150Hz-8000Hz_15pwAngle_30dB_10000weight__withFlatMask,PESQ_MOS_Bright,3.179318,PESQ_MOS_Quiet,1.267691,
Male_SX139_150Hz-8000Hz_15pwAngle_30dB_10000weight__withFlatMask,PESQ_MOS_Bright,2.932135,PESQ_MOS_Quiet,1.256127,
Male_SX229_150Hz-8000Hz_15pwAngle_30dB_10000weight__withFlatMask,PESQ_MOS_Bright,3.263030,PESQ_MOS_Quiet,1.349315,
Male_SX319_150Hz-8000Hz_15pwAngle_30dB_10000weight__withFlatMask,PESQ_MOS_Bright,2.743704,PESQ_MOS_Quiet,1.279204,
Male_SX49_150Hz-8000Hz_15pwAngle_30dB_10000weight__withFlatMask,PESQ_MOS_Bright,3.099796,PESQ_MOS_Quiet,1.251171,
Female1_SA2_150Hz-8000Hz_15pwAngle_35dB_10000weight__withFlatMask,PESQ_MOS_Bright,3.499290,PESQ_MOS_Quiet,1.374975,
Female1_SI1544_150Hz-8000Hz_15pwAngle_35dB_10000weight__withFlatMask,PESQ_MOS_Bright,2.930412,PESQ_MOS_Quiet,1.263947,
Female1_SX104_150Hz-8000Hz_15pwAngle_35dB_10000weight__withFlatMask,PESQ_MOS_Bright,2.845825,PESQ_MOS_Quiet,1.271282,
Female1_SX14_150Hz-8000Hz_15pwAngle_35dB_10000weight__withFlatMask,PESQ_MOS_Bright,3.160021,PESQ_MOS_Quiet,1.421033,
Female1_SX194_150Hz-8000Hz_15pwAngle_35dB_10000weight__withFlatMask,PESQ_MOS_Bright,3.184606,PESQ_MOS_Quiet,1.389834,
Female1_SX374_150Hz-8000Hz_15pwAngle_35dB_10000weight__withFlatMask,PESQ_MOS_Bright,3.456767,PESQ_MOS_Quiet,1.206837,
Female_SA2_150Hz-8000Hz_15pwAngle_35dB_10000weight__withFlatMask,PESQ_MOS_Bright,3.444278,PESQ_MOS_Quiet,1.409685,
Female_SX126_150Hz-8000Hz_15pwAngle_35dB_10000weight__withFlatMask,PESQ_MOS_Bright,3.081625,PESQ_MOS_Quiet,1.292256,
Female_SX216_150Hz-8000Hz_15pwAngle_35dB_10000weight__withFlatMask,PESQ_MOS_Bright,3.373704,PESQ_MOS_Quiet,1.353410,
Female_SX306_150Hz-8000Hz_15pwAngle_35dB_10000weight__withFlatMask,PESQ_MOS_Bright,3.345124,PESQ_MOS_Quiet,1.328294,
Male1_SI545_150Hz-8000Hz_15pwAngle_35dB_10000weight__withFlatMask,PESQ_MOS_Bright,3.236755,PESQ_MOS_Quiet,1.439428,
Male1_SX185_150Hz-8000Hz_15pwAngle_35dB_10000weight__withFlatMask,PESQ_MOS_Bright,3.280502,PESQ_MOS_Quiet,1.324878,
Male1_SX5_150Hz-8000Hz_15pwAngle_35dB_10000weight__withFlatMask,PESQ_MOS_Bright,3.586292,PESQ_MOS_Quiet,1.478715,
Male_SA2_150Hz-8000Hz_15pwAngle_35dB_10000weight__withFlatMask,PESQ_MOS_Bright,3.904842,PESQ_MOS_Quiet,1.575337,
Male_SI1669_150Hz-8000Hz_15pwAngle_35dB_10000weight__withFlatMask,PESQ_MOS_Bright,3.630783,PESQ_MOS_Quiet,1.633989,
Male_SI2299_150Hz-8000Hz_15pwAngle_35dB_10000weight__withFlatMask,PESQ_MOS_Bright,3.666666,PESQ_MOS_Quiet,1.393394,
Male_SX139_150Hz-8000Hz_15pwAngle_35dB_10000weight__withFlatMask,PESQ_MOS_Bright,3.505492,PESQ_MOS_Quiet,1.429212,
Male_SX229_150Hz-8000Hz_15pwAngle_35dB_10000weight__withFlatMask,PESQ_MOS_Bright,3.762019,PESQ_MOS_Quiet,1.467227,
Male_SX319_150Hz-8000Hz_15pwAngle_35dB_10000weight__withFlatMask,PESQ_MOS_Bright,3.177257,PESQ_MOS_Quiet,1.418044,
Male_SX49_150Hz-8000Hz_15pwAngle_35dB_10000weight__withFlatMask,PESQ_MOS_Bright,3.482767,PESQ_MOS_Quiet,1.414090,
Female1_SA2_150Hz-8000Hz_15pwAngle_40dB_10000weight__withFlatMask,PESQ_MOS_Bright,3.943143,PESQ_MOS_Quiet,1.572834,
Female1_SI1544_150Hz-8000Hz_15pwAngle_40dB_10000weight__withFlatMask,PESQ_MOS_Bright,3.322431,PESQ_MOS_Quiet,1.398305,
Female1_SX104_150Hz-8000Hz_15pwAngle_40dB_10000weight__withFlatMask,PESQ_MOS_Bright,3.311577,PESQ_MOS_Quiet,1.410233,
Female1_SX14_150Hz-8000Hz_15pwAngle_40dB_10000weight__withFlatMask,PESQ_MOS_Bright,3.719747,PESQ_MOS_Quiet,1.557803,
Female1_SX194_150Hz-8000Hz_15pwAngle_40dB_10000weight__withFlatMask,PESQ_MOS_Bright,3.646829,PESQ_MOS_Quiet,1.595591,
Female1_SX374_150Hz-8000Hz_15pwAngle_40dB_10000weight__withFlatMask,PESQ_MOS_Bright,3.885431,PESQ_MOS_Quiet,1.339125,
Female_SA2_150Hz-8000Hz_15pwAngle_40dB_10000weight__withFlatMask,PESQ_MOS_Bright,3.940261,PESQ_MOS_Quiet,1.635220,
Female_SX126_150Hz-8000Hz_15pwAngle_40dB_10000weight__withFlatMask,PESQ_MOS_Bright,3.855783,PESQ_MOS_Quiet,1.448139,
Female_SX216_150Hz-8000Hz_15pwAngle_40dB_10000weight__withFlatMask,PESQ_MOS_Bright,3.776811,PESQ_MOS_Quiet,1.565482,
Female_SX306_150Hz-8000Hz_15pwAngle_40dB_10000weight__withFlatMask,PESQ_MOS_Bright,4.034416,PESQ_MOS_Quiet,1.544444,
Male1_SI545_150Hz-8000Hz_15pwAngle_40dB_10000weight__withFlatMask,PESQ_MOS_Bright,3.745054,PESQ_MOS_Quiet,1.568207,
Male1_SX185_150Hz-8000Hz_15pwAngle_40dB_10000weight__withFlatMask,PESQ_MOS_Bright,3.794552,PESQ_MOS_Quiet,1.478746,
Male1_SX5_150Hz-8000Hz_15pwAngle_40dB_10000weight__withFlatMask,PESQ_MOS_Bright,3.932560,PESQ_MOS_Quiet,1.672378,
Male_SA2_150Hz-8000Hz_15pwAngle_40dB_10000weight__withFlatMask,PESQ_MOS_Bright,4.199109,PESQ_MOS_Quiet,1.823830,
Male_SI1669_150Hz-8000Hz_15pwAngle_40dB_10000weight__withFlatMask,PESQ_MOS_Bright,3.877457,PESQ_MOS_Quiet,1.860317,
Male_SI2299_150Hz-8000Hz_15pwAngle_40dB_10000weight__withFlatMask,PESQ_MOS_Bright,4.051751,PESQ_MOS_Quiet,1.625523,
Male_SX139_150Hz-8000Hz_15pwAngle_40dB_10000weight__withFlatMask,PESQ_MOS_Bright,3.811597,PESQ_MOS_Quiet,1.658373,
Male_SX229_150Hz-8000Hz_15pwAngle_40dB_10000weight__withFlatMask,PESQ_MOS_Bright,4.077647,PESQ_MOS_Quiet,1.695707,
Male_SX319_150Hz-8000Hz_15pwAngle_40dB_10000weight__withFlatMask,PESQ_MOS_Bright,3.484151,PESQ_MOS_Quiet,1.622371,
Male_SX49_150Hz-8000Hz_15pwAngle_40dB_10000weight__withFlatMask,PESQ_MOS_Bright,3.670467,PESQ_MOS_Quiet,1.670021,
Female1_SA2_150Hz-8000Hz_15pwAngle_45dB_10000weight__withFlatMask,PESQ_MOS_Bright,4.261076,PESQ_MOS_Quiet,1.862587,
Female1_SI1544_150Hz-8000Hz_15pwAngle_45dB_10000weight__withFlatMask,PESQ_MOS_Bright,3.824481,PESQ_MOS_Quiet,1.602845,
Female1_SX104_150Hz-8000Hz_15pwAngle_45dB_10000weight__withFlatMask,PESQ_MOS_Bright,3.738276,PESQ_MOS_Quiet,1.601643,
Female1_SX14_150Hz-8000Hz_15pwAngle_45dB_10000weight__withFlatMask,PESQ_MOS_Bright,4.083409,PESQ_MOS_Quiet,1.759794,
Female1_SX194_150Hz-8000Hz_15pwAngle_45dB_10000weight__withFlatMask,PESQ_MOS_Bright,3.996054,PESQ_MOS_Quiet,1.810714,
Female1_SX374_150Hz-8000Hz_15pwAngle_45dB_10000weight__withFlatMask,PESQ_MOS_Bright,4.280812,PESQ_MOS_Quiet,1.534847,
Female_SA2_150Hz-8000Hz_15pwAngle_45dB_10000weight__withFlatMask,PESQ_MOS_Bright,4.335970,PESQ_MOS_Quiet,1.920955,
Female_SX126_150Hz-8000Hz_15pwAngle_45dB_10000weight__withFlatMask,PESQ_MOS_Bright,4.289685,PESQ_MOS_Quiet,1.701836,
Female_SX216_150Hz-8000Hz_15pwAngle_45dB_10000weight__withFlatMask,PESQ_MOS_Bright,4.289791,PESQ_MOS_Quiet,1.848910,
Female_SX306_150Hz-8000Hz_15pwAngle_45dB_10000weight__withFlatMask,PESQ_MOS_Bright,4.333082,PESQ_MOS_Quiet,1.814433,
Male1_SI545_150Hz-8000Hz_15pwAngle_45dB_10000weight__withFlatMask,PESQ_MOS_Bright,4.164985,PESQ_MOS_Quiet,1.767905,
Male1_SX185_150Hz-8000Hz_15pwAngle_45dB_10000weight__withFlatMask,PESQ_MOS_Bright,4.080229,PESQ_MOS_Quiet,1.703509,
Male1_SX5_150Hz-8000Hz_15pwAngle_45dB_10000weight__withFlatMask,PESQ_MOS_Bright,4.243156,PESQ_MOS_Quiet,1.964662,
Male_SA2_150Hz-8000Hz_15pwAngle_45dB_10000weight__withFlatMask,PESQ_MOS_Bright,4.377867,PESQ_MOS_Quiet,2.114980,
Male_SI1669_150Hz-8000Hz_15pwAngle_45dB_10000weight__withFlatMask,PESQ_MOS_Bright,4.231917,PESQ_MOS_Quiet,2.212597,
Male_SI2299_150Hz-8000Hz_15pwAngle_45dB_10000weight__withFlatMask,PESQ_MOS_Bright,4.246685,PESQ_MOS_Quiet,1.898288,
Male_SX139_150Hz-8000Hz_15pwAngle_45dB_10000weight__withFlatMask,PESQ_MOS_Bright,4.049477,PESQ_MOS_Quiet,1.939529,
Male_SX229_150Hz-8000Hz_15pwAngle_45dB_10000weight__withFlatMask,PESQ_MOS_Bright,4.325409,PESQ_MOS_Quiet,1.967983,
Male_SX319_150Hz-8000Hz_15pwAngle_45dB_10000weight__withFlatMask,PESQ_MOS_Bright,3.737626,PESQ_MOS_Quiet,1.870894,
Male_SX49_150Hz-8000Hz_15pwAngle_45dB_10000weight__withFlatMask,PESQ_MOS_Bright,4.057979,PESQ_MOS_Quiet,1.947706,
