Female1_SA2__295spkrs__150Hz-8000Hz_90pwAngle_-10dB_10000weight__withFlatMask,Noise_Mask,-10.000000,WordsCorrect_SI_Bright,75.719498,WordsCorrect_SI_Quiet,11.095097,95_ConfInt_Bright_L,-1.521305,95_ConfInt_Bright_U,1.521305,95_ConfInt_Quiet_L,-0.565556,95_ConfInt_Quiet_U,0.565556,
Female1_SA2__295spkrs__150Hz-8000Hz_90pwAngle_-15dB_10000weight__withFlatMask,Noise_Mask,-15.000000,WordsCorrect_SI_Bright,94.521783,WordsCorrect_SI_Quiet,25.023010,95_ConfInt_Bright_L,-0.532191,95_ConfInt_Bright_U,0.532191,95_ConfInt_Quiet_L,-0.967742,95_ConfInt_Quiet_U,0.967742,
Female1_SA2__295spkrs__150Hz-8000Hz_90pwAngle_-20dB_10000weight__withFlatMask,Noise_Mask,-20.000000,WordsCorrect_SI_Bright,97.846934,WordsCorrect_SI_Quiet,42.245190,95_ConfInt_Bright_L,-0.153866,95_ConfInt_Bright_U,0.153866,95_ConfInt_Quiet_L,-1.583033,95_ConfInt_Quiet_U,1.583033,
Female1_SA2__295spkrs__150Hz-8000Hz_90pwAngle_-25dB_10000weight__withFlatMask,Noise_Mask,-25.000000,WordsCorrect_SI_Bright,98.852124,WordsCorrect_SI_Quiet,57.614735,95_ConfInt_Bright_L,-0.086418,95_ConfInt_Bright_U,0.086418,95_ConfInt_Quiet_L,-1.446110,95_ConfInt_Quiet_U,1.446110,
Female1_SA2__295spkrs__150Hz-8000Hz_90pwAngle_-30dB_10000weight__withFlatMask,Noise_Mask,-30.000000,WordsCorrect_SI_Bright,99.034147,WordsCorrect_SI_Quiet,62.141849,95_ConfInt_Bright_L,-0.078882,95_ConfInt_Bright_U,0.078882,95_ConfInt_Quiet_L,-1.592263,95_ConfInt_Quiet_U,1.592263,
Female1_SA2__295spkrs__150Hz-8000Hz_90pwAngle_-35dB_10000weight__withFlatMask,Noise_Mask,-35.000000,WordsCorrect_SI_Bright,99.102962,WordsCorrect_SI_Quiet,64.270460,95_ConfInt_Bright_L,-0.073057,95_ConfInt_Bright_U,0.073057,95_ConfInt_Quiet_L,-1.811399,95_ConfInt_Quiet_U,1.811399,
Female1_SA2__295spkrs__150Hz-8000Hz_90pwAngle_-40dB_10000weight__withFlatMask,Noise_Mask,-40.000000,WordsCorrect_SI_Bright,99.139627,WordsCorrect_SI_Quiet,65.539662,95_ConfInt_Bright_L,-0.071961,95_ConfInt_Bright_U,0.071961,95_ConfInt_Quiet_L,-1.768396,95_ConfInt_Quiet_U,1.768396,
Female1_SA2__295spkrs__150Hz-8000Hz_90pwAngle_-5dB_10000weight__withFlatMask,Noise_Mask,-5.000000,WordsCorrect_SI_Bright,38.018247,WordsCorrect_SI_Quiet,5.889026,95_ConfInt_Bright_L,-1.812392,95_ConfInt_Bright_U,1.812392,95_ConfInt_Quiet_L,-0.441417,95_ConfInt_Quiet_U,0.441417,
Female1_SA2__295spkrs__150Hz-8000Hz_90pwAngle_0dB_10000weight__withFlatMask,Noise_Mask,0.000000,WordsCorrect_SI_Bright,9.981425,WordsCorrect_SI_Quiet,3.428349,95_ConfInt_Bright_L,-0.684406,95_ConfInt_Bright_U,0.684406,95_ConfInt_Quiet_L,-0.228657,95_ConfInt_Quiet_U,0.228657,
Female1_SI1544__295spkrs__150Hz-8000Hz_90pwAngle_-10dB_10000weight__withFlatMask,Noise_Mask,-10.000000,WordsCorrect_SI_Bright,66.538330,WordsCorrect_SI_Quiet,17.440746,95_ConfInt_Bright_L,-1.975793,95_ConfInt_Bright_U,1.975793,95_ConfInt_Quiet_L,-1.237232,95_ConfInt_Quiet_U,1.237232,
Female1_SI1544__295spkrs__150Hz-8000Hz_90pwAngle_-15dB_10000weight__withFlatMask,Noise_Mask,-15.000000,WordsCorrect_SI_Bright,90.607692,WordsCorrect_SI_Quiet,24.039932,95_ConfInt_Bright_L,-0.772223,95_ConfInt_Bright_U,0.772223,95_ConfInt_Quiet_L,-0.986463,95_ConfInt_Quiet_U,0.986463,
Female1_SI1544__295spkrs__150Hz-8000Hz_90pwAngle_-20dB_10000weight__withFlatMask,Noise_Mask,-20.000000,WordsCorrect_SI_Bright,96.788708,WordsCorrect_SI_Quiet,33.465185,95_ConfInt_Bright_L,-0.325471,95_ConfInt_Bright_U,0.325471,95_ConfInt_Quiet_L,-2.359021,95_ConfInt_Quiet_U,2.359021,
Female1_SI1544__295spkrs__150Hz-8000Hz_90pwAngle_-25dB_10000weight__withFlatMask,Noise_Mask,-25.000000,WordsCorrect_SI_Bright,98.841231,WordsCorrect_SI_Quiet,45.547383,95_ConfInt_Bright_L,-0.108260,95_ConfInt_Bright_U,0.108260,95_ConfInt_Quiet_L,-2.123377,95_ConfInt_Quiet_U,2.123377,
Female1_SI1544__295spkrs__150Hz-8000Hz_90pwAngle_-30dB_10000weight__withFlatMask,Noise_Mask,-30.000000,WordsCorrect_SI_Bright,99.247433,WordsCorrect_SI_Quiet,55.142330,95_ConfInt_Bright_L,-0.058013,95_ConfInt_Bright_U,0.058013,95_ConfInt_Quiet_L,-2.172686,95_ConfInt_Quiet_U,2.172686,
Female1_SI1544__295spkrs__150Hz-8000Hz_90pwAngle_-35dB_10000weight__withFlatMask,Noise_Mask,-35.000000,WordsCorrect_SI_Bright,99.366389,WordsCorrect_SI_Quiet,56.505672,95_ConfInt_Bright_L,-0.050791,95_ConfInt_Bright_U,0.050791,95_ConfInt_Quiet_L,-1.851062,95_ConfInt_Quiet_U,1.851062,
Female1_SI1544__295spkrs__150Hz-8000Hz_90pwAngle_-40dB_10000weight__withFlatMask,Noise_Mask,-40.000000,WordsCorrect_SI_Bright,99.405662,WordsCorrect_SI_Quiet,58.231002,95_ConfInt_Bright_L,-0.042322,95_ConfInt_Bright_U,0.042322,95_ConfInt_Quiet_L,-2.082321,95_ConfInt_Quiet_U,2.082321,
Female1_SI1544__295spkrs__150Hz-8000Hz_90pwAngle_-5dB_10000weight__withFlatMask,Noise_Mask,-5.000000,WordsCorrect_SI_Bright,37.796382,WordsCorrect_SI_Quiet,10.561418,95_ConfInt_Bright_L,-2.388784,95_ConfInt_Bright_U,2.388784,95_ConfInt_Quiet_L,-0.516150,95_ConfInt_Quiet_U,0.516150,
Female1_SI1544__295spkrs__150Hz-8000Hz_90pwAngle_0dB_10000weight__withFlatMask,Noise_Mask,0.000000,WordsCorrect_SI_Bright,15.707094,WordsCorrect_SI_Quiet,8.989924,95_ConfInt_Bright_L,-1.098166,95_ConfInt_Bright_U,1.098166,95_ConfInt_Quiet_L,-0.478086,95_ConfInt_Quiet_U,0.478086,
Female1_SX104__295spkrs__150Hz-8000Hz_90pwAngle_-10dB_10000weight__withFlatMask,Noise_Mask,-10.000000,WordsCorrect_SI_Bright,55.386439,WordsCorrect_SI_Quiet,12.486637,95_ConfInt_Bright_L,-1.934287,95_ConfInt_Bright_U,1.934287,95_ConfInt_Quiet_L,-0.574144,95_ConfInt_Quiet_U,0.574144,
Female1_SX104__295spkrs__150Hz-8000Hz_90pwAngle_-15dB_10000weight__withFlatMask,Noise_Mask,-15.000000,WordsCorrect_SI_Bright,81.645980,WordsCorrect_SI_Quiet,16.642752,95_ConfInt_Bright_L,-0.953540,95_ConfInt_Bright_U,0.953540,95_ConfInt_Quiet_L,-1.133708,95_ConfInt_Quiet_U,1.133708,
Female1_SX104__295spkrs__150Hz-8000Hz_90pwAngle_-20dB_10000weight__withFlatMask,Noise_Mask,-20.000000,WordsCorrect_SI_Bright,95.102779,WordsCorrect_SI_Quiet,27.591544,95_ConfInt_Bright_L,-0.411087,95_ConfInt_Bright_U,0.411087,95_ConfInt_Quiet_L,-2.217606,95_ConfInt_Quiet_U,2.217606,
Female1_SX104__295spkrs__150Hz-8000Hz_90pwAngle_-25dB_10000weight__withFlatMask,Noise_Mask,-25.000000,WordsCorrect_SI_Bright,98.049301,WordsCorrect_SI_Quiet,39.673255,95_ConfInt_Bright_L,-0.214098,95_ConfInt_Bright_U,0.214098,95_ConfInt_Quiet_L,-1.800351,95_ConfInt_Quiet_U,1.800351,
Female1_SX104__295spkrs__150Hz-8000Hz_90pwAngle_-30dB_10000weight__withFlatMask,Noise_Mask,-30.000000,WordsCorrect_SI_Bright,98.918631,WordsCorrect_SI_Quiet,54.374057,95_ConfInt_Bright_L,-0.115914,95_ConfInt_Bright_U,0.115914,95_ConfInt_Quiet_L,-2.198199,95_ConfInt_Quiet_U,2.198199,
Female1_SX104__295spkrs__150Hz-8000Hz_90pwAngle_-35dB_10000weight__withFlatMask,Noise_Mask,-35.000000,WordsCorrect_SI_Bright,99.174978,WordsCorrect_SI_Quiet,61.723317,95_ConfInt_Bright_L,-0.090365,95_ConfInt_Bright_U,0.090365,95_ConfInt_Quiet_L,-1.474113,95_ConfInt_Quiet_U,1.474113,
Female1_SX104__295spkrs__150Hz-8000Hz_90pwAngle_-40dB_10000weight__withFlatMask,Noise_Mask,-40.000000,WordsCorrect_SI_Bright,99.214628,WordsCorrect_SI_Quiet,61.936917,95_ConfInt_Bright_L,-0.087417,95_ConfInt_Bright_U,0.087417,95_ConfInt_Quiet_L,-1.606344,95_ConfInt_Quiet_U,1.606344,
Female1_SX104__295spkrs__150Hz-8000Hz_90pwAngle_-5dB_10000weight__withFlatMask,Noise_Mask,-5.000000,WordsCorrect_SI_Bright,32.435265,WordsCorrect_SI_Quiet,8.847206,95_ConfInt_Bright_L,-1.163327,95_ConfInt_Bright_U,1.163327,95_ConfInt_Quiet_L,-0.552166,95_ConfInt_Quiet_U,0.552166,
Female1_SX104__295spkrs__150Hz-8000Hz_90pwAngle_0dB_10000weight__withFlatMask,Noise_Mask,0.000000,WordsCorrect_SI_Bright,16.567566,WordsCorrect_SI_Quiet,7.237916,95_ConfInt_Bright_L,-0.894817,95_ConfInt_Bright_U,0.894817,95_ConfInt_Quiet_L,-0.399009,95_ConfInt_Quiet_U,0.399009,
Female1_SX14__295spkrs__150Hz-8000Hz_90pwAngle_-10dB_10000weight__withFlatMask,Noise_Mask,-10.000000,WordsCorrect_SI_Bright,28.478144,WordsCorrect_SI_Quiet,2.468666,95_ConfInt_Bright_L,-1.909900,95_ConfInt_Bright_U,1.909900,95_ConfInt_Quiet_L,-0.194834,95_ConfInt_Quiet_U,0.194834,
Female1_SX14__295spkrs__150Hz-8000Hz_90pwAngle_-15dB_10000weight__withFlatMask,Noise_Mask,-15.000000,WordsCorrect_SI_Bright,66.215593,WordsCorrect_SI_Quiet,5.461659,95_ConfInt_Bright_L,-2.664403,95_ConfInt_Bright_U,2.664403,95_ConfInt_Quiet_L,-0.438556,95_ConfInt_Quiet_U,0.438556,
Female1_SX14__295spkrs__150Hz-8000Hz_90pwAngle_-20dB_10000weight__withFlatMask,Noise_Mask,-20.000000,WordsCorrect_SI_Bright,89.655574,WordsCorrect_SI_Quiet,12.191328,95_ConfInt_Bright_L,-1.151610,95_ConfInt_Bright_U,1.151610,95_ConfInt_Quiet_L,-0.637407,95_ConfInt_Quiet_U,0.637407,
Female1_SX14__295spkrs__150Hz-8000Hz_90pwAngle_-25dB_10000weight__withFlatMask,Noise_Mask,-25.000000,WordsCorrect_SI_Bright,97.193009,WordsCorrect_SI_Quiet,21.174112,95_ConfInt_Bright_L,-0.377851,95_ConfInt_Bright_U,0.377851,95_ConfInt_Quiet_L,-1.203657,95_ConfInt_Quiet_U,1.203657,
Female1_SX14__295spkrs__150Hz-8000Hz_90pwAngle_-30dB_10000weight__withFlatMask,Noise_Mask,-30.000000,WordsCorrect_SI_Bright,98.646864,WordsCorrect_SI_Quiet,37.934458,95_ConfInt_Bright_L,-0.176578,95_ConfInt_Bright_U,0.176578,95_ConfInt_Quiet_L,-1.724983,95_ConfInt_Quiet_U,1.724983,
Female1_SX14__295spkrs__150Hz-8000Hz_90pwAngle_-35dB_10000weight__withFlatMask,Noise_Mask,-35.000000,WordsCorrect_SI_Bright,98.939299,WordsCorrect_SI_Quiet,44.345595,95_ConfInt_Bright_L,-0.138963,95_ConfInt_Bright_U,0.138963,95_ConfInt_Quiet_L,-1.564325,95_ConfInt_Quiet_U,1.564325,
Female1_SX14__295spkrs__150Hz-8000Hz_90pwAngle_-40dB_10000weight__withFlatMask,Noise_Mask,-40.000000,WordsCorrect_SI_Bright,99.035540,WordsCorrect_SI_Quiet,50.719692,95_ConfInt_Bright_L,-0.129867,95_ConfInt_Bright_U,0.129867,95_ConfInt_Quiet_L,-1.555102,95_ConfInt_Quiet_U,1.555102,
Female1_SX14__295spkrs__150Hz-8000Hz_90pwAngle_-5dB_10000weight__withFlatMask,Noise_Mask,-5.000000,WordsCorrect_SI_Bright,8.146223,WordsCorrect_SI_Quiet,2.105958,95_ConfInt_Bright_L,-0.599227,95_ConfInt_Bright_U,0.599227,95_ConfInt_Quiet_L,-0.151782,95_ConfInt_Quiet_U,0.151782,
Female1_SX14__295spkrs__150Hz-8000Hz_90pwAngle_0dB_10000weight__withFlatMask,Noise_Mask,0.000000,WordsCorrect_SI_Bright,3.431896,WordsCorrect_SI_Quiet,1.264469,95_ConfInt_Bright_L,-0.244019,95_ConfInt_Bright_U,0.244019,95_ConfInt_Quiet_L,-0.061741,95_ConfInt_Quiet_U,0.061741,
Female1_SX194__295spkrs__150Hz-8000Hz_90pwAngle_-10dB_10000weight__withFlatMask,Noise_Mask,-10.000000,WordsCorrect_SI_Bright,88.390565,WordsCorrect_SI_Quiet,17.590746,95_ConfInt_Bright_L,-1.207042,95_ConfInt_Bright_U,1.207042,95_ConfInt_Quiet_L,-1.199901,95_ConfInt_Quiet_U,1.199901,
Female1_SX194__295spkrs__150Hz-8000Hz_90pwAngle_-15dB_10000weight__withFlatMask,Noise_Mask,-15.000000,WordsCorrect_SI_Bright,96.452175,WordsCorrect_SI_Quiet,30.896078,95_ConfInt_Bright_L,-0.346298,95_ConfInt_Bright_U,0.346298,95_ConfInt_Quiet_L,-2.489493,95_ConfInt_Quiet_U,2.489493,
Female1_SX194__295spkrs__150Hz-8000Hz_90pwAngle_-20dB_10000weight__withFlatMask,Noise_Mask,-20.000000,WordsCorrect_SI_Bright,98.444199,WordsCorrect_SI_Quiet,42.378237,95_ConfInt_Bright_L,-0.177488,95_ConfInt_Bright_U,0.177488,95_ConfInt_Quiet_L,-3.592963,95_ConfInt_Quiet_U,3.592963,
Female1_SX194__295spkrs__150Hz-8000Hz_90pwAngle_-25dB_10000weight__withFlatMask,Noise_Mask,-25.000000,WordsCorrect_SI_Bright,99.129053,WordsCorrect_SI_Quiet,58.073373,95_ConfInt_Bright_L,-0.090086,95_ConfInt_Bright_U,0.090086,95_ConfInt_Quiet_L,-3.332530,95_ConfInt_Quiet_U,3.332530,
Female1_SX194__295spkrs__150Hz-8000Hz_90pwAngle_-30dB_10000weight__withFlatMask,Noise_Mask,-30.000000,WordsCorrect_SI_Bright,99.276588,WordsCorrect_SI_Quiet,60.365777,95_ConfInt_Bright_L,-0.075029,95_ConfInt_Bright_U,0.075029,95_ConfInt_Quiet_L,-3.898740,95_ConfInt_Quiet_U,3.898740,
Female1_SX194__295spkrs__150Hz-8000Hz_90pwAngle_-35dB_10000weight__withFlatMask,Noise_Mask,-35.000000,WordsCorrect_SI_Bright,99.308064,WordsCorrect_SI_Quiet,63.025618,95_ConfInt_Bright_L,-0.069230,95_ConfInt_Bright_U,0.069230,95_ConfInt_Quiet_L,-3.432729,95_ConfInt_Quiet_U,3.432729,
Female1_SX194__295spkrs__150Hz-8000Hz_90pwAngle_-40dB_10000weight__withFlatMask,Noise_Mask,-40.000000,WordsCorrect_SI_Bright,99.338423,WordsCorrect_SI_Quiet,64.043213,95_ConfInt_Bright_L,-0.070123,95_ConfInt_Bright_U,0.070123,95_ConfInt_Quiet_L,-3.574900,95_ConfInt_Quiet_U,3.574900,
Female1_SX194__295spkrs__150Hz-8000Hz_90pwAngle_-5dB_10000weight__withFlatMask,Noise_Mask,-5.000000,WordsCorrect_SI_Bright,60.555826,WordsCorrect_SI_Quiet,6.548312,95_ConfInt_Bright_L,-3.655776,95_ConfInt_Bright_U,3.655776,95_ConfInt_Quiet_L,-0.505473,95_ConfInt_Quiet_U,0.505473,
Female1_SX194__295spkrs__150Hz-8000Hz_90pwAngle_0dB_10000weight__withFlatMask,Noise_Mask,0.000000,WordsCorrect_SI_Bright,26.251690,WordsCorrect_SI_Quiet,4.768152,95_ConfInt_Bright_L,-1.672652,95_ConfInt_Bright_U,1.672652,95_ConfInt_Quiet_L,-0.558147,95_ConfInt_Quiet_U,0.558147,
Female1_SX374__295spkrs__150Hz-8000Hz_90pwAngle_-10dB_10000weight__withFlatMask,Noise_Mask,-10.000000,WordsCorrect_SI_Bright,22.467152,WordsCorrect_SI_Quiet,4.154677,95_ConfInt_Bright_L,-1.280537,95_ConfInt_Bright_U,1.280537,95_ConfInt_Quiet_L,-0.359487,95_ConfInt_Quiet_U,0.359487,
Female1_SX374__295spkrs__150Hz-8000Hz_90pwAngle_-15dB_10000weight__withFlatMask,Noise_Mask,-15.000000,WordsCorrect_SI_Bright,63.357336,WordsCorrect_SI_Quiet,7.901507,95_ConfInt_Bright_L,-1.801193,95_ConfInt_Bright_U,1.801193,95_ConfInt_Quiet_L,-0.588365,95_ConfInt_Quiet_U,0.588365,
Female1_SX374__295spkrs__150Hz-8000Hz_90pwAngle_-20dB_10000weight__withFlatMask,Noise_Mask,-20.000000,WordsCorrect_SI_Bright,89.952199,WordsCorrect_SI_Quiet,14.686452,95_ConfInt_Bright_L,-0.600741,95_ConfInt_Bright_U,0.600741,95_ConfInt_Quiet_L,-0.874845,95_ConfInt_Quiet_U,0.874845,
Female1_SX374__295spkrs__150Hz-8000Hz_90pwAngle_-25dB_10000weight__withFlatMask,Noise_Mask,-25.000000,WordsCorrect_SI_Bright,97.342467,WordsCorrect_SI_Quiet,29.715306,95_ConfInt_Bright_L,-0.199956,95_ConfInt_Bright_U,0.199956,95_ConfInt_Quiet_L,-1.960518,95_ConfInt_Quiet_U,1.960518,
Female1_SX374__295spkrs__150Hz-8000Hz_90pwAngle_-30dB_10000weight__withFlatMask,Noise_Mask,-30.000000,WordsCorrect_SI_Bright,98.617524,WordsCorrect_SI_Quiet,44.653804,95_ConfInt_Bright_L,-0.118014,95_ConfInt_Bright_U,0.118014,95_ConfInt_Quiet_L,-2.141227,95_ConfInt_Quiet_U,2.141227,
Female1_SX374__295spkrs__150Hz-8000Hz_90pwAngle_-35dB_10000weight__withFlatMask,Noise_Mask,-35.000000,WordsCorrect_SI_Bright,99.088043,WordsCorrect_SI_Quiet,56.363980,95_ConfInt_Bright_L,-0.074835,95_ConfInt_Bright_U,0.074835,95_ConfInt_Quiet_L,-2.673671,95_ConfInt_Quiet_U,2.673671,
Female1_SX374__295spkrs__150Hz-8000Hz_90pwAngle_-40dB_10000weight__withFlatMask,Noise_Mask,-40.000000,WordsCorrect_SI_Bright,99.166907,WordsCorrect_SI_Quiet,61.851104,95_ConfInt_Bright_L,-0.062401,95_ConfInt_Bright_U,0.062401,95_ConfInt_Quiet_L,-2.094904,95_ConfInt_Quiet_U,2.094904,
Female1_SX374__295spkrs__150Hz-8000Hz_90pwAngle_-5dB_10000weight__withFlatMask,Noise_Mask,-5.000000,WordsCorrect_SI_Bright,9.624087,WordsCorrect_SI_Quiet,2.923869,95_ConfInt_Bright_L,-0.985472,95_ConfInt_Bright_U,0.985472,95_ConfInt_Quiet_L,-0.195310,95_ConfInt_Quiet_U,0.195310,
Female1_SX374__295spkrs__150Hz-8000Hz_90pwAngle_0dB_10000weight__withFlatMask,Noise_Mask,0.000000,WordsCorrect_SI_Bright,3.757952,WordsCorrect_SI_Quiet,2.539817,95_ConfInt_Bright_L,-0.311104,95_ConfInt_Bright_U,0.311104,95_ConfInt_Quiet_L,-0.208219,95_ConfInt_Quiet_U,0.208219,
Female_SA2__295spkrs__150Hz-8000Hz_90pwAngle_-10dB_10000weight__withFlatMask,Noise_Mask,-10.000000,WordsCorrect_SI_Bright,72.850713,WordsCorrect_SI_Quiet,4.518781,95_ConfInt_Bright_L,-2.174452,95_ConfInt_Bright_U,2.174452,95_ConfInt_Quiet_L,-0.442483,95_ConfInt_Quiet_U,0.442483,
Female_SA2__295spkrs__150Hz-8000Hz_90pwAngle_-15dB_10000weight__withFlatMask,Noise_Mask,-15.000000,WordsCorrect_SI_Bright,91.633935,WordsCorrect_SI_Quiet,12.403417,95_ConfInt_Bright_L,-0.564035,95_ConfInt_Bright_U,0.564035,95_ConfInt_Quiet_L,-1.058422,95_ConfInt_Quiet_U,1.058422,
Female_SA2__295spkrs__150Hz-8000Hz_90pwAngle_-20dB_10000weight__withFlatMask,Noise_Mask,-20.000000,WordsCorrect_SI_Bright,96.929965,WordsCorrect_SI_Quiet,22.551881,95_ConfInt_Bright_L,-0.241171,95_ConfInt_Bright_U,0.241171,95_ConfInt_Quiet_L,-2.042066,95_ConfInt_Quiet_U,2.042066,
Female_SA2__295spkrs__150Hz-8000Hz_90pwAngle_-25dB_10000weight__withFlatMask,Noise_Mask,-25.000000,WordsCorrect_SI_Bright,98.368639,WordsCorrect_SI_Quiet,31.894981,95_ConfInt_Bright_L,-0.114053,95_ConfInt_Bright_U,0.114053,95_ConfInt_Quiet_L,-2.522212,95_ConfInt_Quiet_U,2.522212,
Female_SA2__295spkrs__150Hz-8000Hz_90pwAngle_-30dB_10000weight__withFlatMask,Noise_Mask,-30.000000,WordsCorrect_SI_Bright,98.718752,WordsCorrect_SI_Quiet,36.842426,95_ConfInt_Bright_L,-0.081809,95_ConfInt_Bright_U,0.081809,95_ConfInt_Quiet_L,-2.814576,95_ConfInt_Quiet_U,2.814576,
Female_SA2__295spkrs__150Hz-8000Hz_90pwAngle_-35dB_10000weight__withFlatMask,Noise_Mask,-35.000000,WordsCorrect_SI_Bright,98.774116,WordsCorrect_SI_Quiet,37.012390,95_ConfInt_Bright_L,-0.077806,95_ConfInt_Bright_U,0.077806,95_ConfInt_Quiet_L,-2.535744,95_ConfInt_Quiet_U,2.535744,
Female_SA2__295spkrs__150Hz-8000Hz_90pwAngle_-40dB_10000weight__withFlatMask,Noise_Mask,-40.000000,WordsCorrect_SI_Bright,98.830316,WordsCorrect_SI_Quiet,37.225638,95_ConfInt_Bright_L,-0.074229,95_ConfInt_Bright_U,0.074229,95_ConfInt_Quiet_L,-2.523607,95_ConfInt_Quiet_U,2.523607,
Female_SA2__295spkrs__150Hz-8000Hz_90pwAngle_-5dB_10000weight__withFlatMask,Noise_Mask,-5.000000,WordsCorrect_SI_Bright,26.498588,WordsCorrect_SI_Quiet,2.383945,95_ConfInt_Bright_L,-1.730085,95_ConfInt_Bright_U,1.730085,95_ConfInt_Quiet_L,-0.226028,95_ConfInt_Quiet_U,0.226028,
Female_SA2__295spkrs__150Hz-8000Hz_90pwAngle_0dB_10000weight__withFlatMask,Noise_Mask,0.000000,WordsCorrect_SI_Bright,7.246066,WordsCorrect_SI_Quiet,1.271266,95_ConfInt_Bright_L,-0.699783,95_ConfInt_Bright_U,0.699783,95_ConfInt_Quiet_L,-0.100537,95_ConfInt_Quiet_U,0.100537,
Female_SX126__295spkrs__150Hz-8000Hz_90pwAngle_-10dB_10000weight__withFlatMask,Noise_Mask,-10.000000,WordsCorrect_SI_Bright,44.476480,WordsCorrect_SI_Quiet,3.873230,95_ConfInt_Bright_L,-1.991323,95_ConfInt_Bright_U,1.991323,95_ConfInt_Quiet_L,-0.339710,95_ConfInt_Quiet_U,0.339710,
Female_SX126__295spkrs__150Hz-8000Hz_90pwAngle_-15dB_10000weight__withFlatMask,Noise_Mask,-15.000000,WordsCorrect_SI_Bright,81.500052,WordsCorrect_SI_Quiet,6.126700,95_ConfInt_Bright_L,-1.628541,95_ConfInt_Bright_U,1.628541,95_ConfInt_Quiet_L,-0.562281,95_ConfInt_Quiet_U,0.562281,
Female_SX126__295spkrs__150Hz-8000Hz_90pwAngle_-20dB_10000weight__withFlatMask,Noise_Mask,-20.000000,WordsCorrect_SI_Bright,95.577869,WordsCorrect_SI_Quiet,16.517704,95_ConfInt_Bright_L,-0.433576,95_ConfInt_Bright_U,0.433576,95_ConfInt_Quiet_L,-1.115792,95_ConfInt_Quiet_U,1.115792,
Female_SX126__295spkrs__150Hz-8000Hz_90pwAngle_-25dB_10000weight__withFlatMask,Noise_Mask,-25.000000,WordsCorrect_SI_Bright,98.408864,WordsCorrect_SI_Quiet,25.085659,95_ConfInt_Bright_L,-0.107303,95_ConfInt_Bright_U,0.107303,95_ConfInt_Quiet_L,-1.857190,95_ConfInt_Quiet_U,1.857190,
Female_SX126__295spkrs__150Hz-8000Hz_90pwAngle_-30dB_10000weight__withFlatMask,Noise_Mask,-30.000000,WordsCorrect_SI_Bright,99.070724,WordsCorrect_SI_Quiet,32.355285,95_ConfInt_Bright_L,-0.056690,95_ConfInt_Bright_U,0.056690,95_ConfInt_Quiet_L,-2.078697,95_ConfInt_Quiet_U,2.078697,
Female_SX126__295spkrs__150Hz-8000Hz_90pwAngle_-35dB_10000weight__withFlatMask,Noise_Mask,-35.000000,WordsCorrect_SI_Bright,99.218755,WordsCorrect_SI_Quiet,35.083084,95_ConfInt_Bright_L,-0.039248,95_ConfInt_Bright_U,0.039248,95_ConfInt_Quiet_L,-2.034372,95_ConfInt_Quiet_U,2.034372,
Female_SX126__295spkrs__150Hz-8000Hz_90pwAngle_-40dB_10000weight__withFlatMask,Noise_Mask,-40.000000,WordsCorrect_SI_Bright,99.266544,WordsCorrect_SI_Quiet,36.040483,95_ConfInt_Bright_L,-0.038983,95_ConfInt_Bright_U,0.038983,95_ConfInt_Quiet_L,-2.099566,95_ConfInt_Quiet_U,2.099566,
Female_SX126__295spkrs__150Hz-8000Hz_90pwAngle_-5dB_10000weight__withFlatMask,Noise_Mask,-5.000000,WordsCorrect_SI_Bright,11.794549,WordsCorrect_SI_Quiet,1.499186,95_ConfInt_Bright_L,-1.021941,95_ConfInt_Bright_U,1.021941,95_ConfInt_Quiet_L,-0.143428,95_ConfInt_Quiet_U,0.143428,
Female_SX126__295spkrs__150Hz-8000Hz_90pwAngle_0dB_10000weight__withFlatMask,Noise_Mask,0.000000,WordsCorrect_SI_Bright,4.027922,WordsCorrect_SI_Quiet,1.050433,95_ConfInt_Bright_L,-0.389011,95_ConfInt_Bright_U,0.389011,95_ConfInt_Quiet_L,-0.078339,95_ConfInt_Quiet_U,0.078339,
Female_SX216__295spkrs__150Hz-8000Hz_90pwAngle_-10dB_10000weight__withFlatMask,Noise_Mask,-10.000000,WordsCorrect_SI_Bright,11.554877,WordsCorrect_SI_Quiet,0.969964,95_ConfInt_Bright_L,-0.888481,95_ConfInt_Bright_U,0.888481,95_ConfInt_Quiet_L,-0.122904,95_ConfInt_Quiet_U,0.122904,
Female_SX216__295spkrs__150Hz-8000Hz_90pwAngle_-15dB_10000weight__withFlatMask,Noise_Mask,-15.000000,WordsCorrect_SI_Bright,47.711387,WordsCorrect_SI_Quiet,2.888884,95_ConfInt_Bright_L,-2.460712,95_ConfInt_Bright_U,2.460712,95_ConfInt_Quiet_L,-0.396391,95_ConfInt_Quiet_U,0.396391,
Female_SX216__295spkrs__150Hz-8000Hz_90pwAngle_-20dB_10000weight__withFlatMask,Noise_Mask,-20.000000,WordsCorrect_SI_Bright,82.301022,WordsCorrect_SI_Quiet,5.603591,95_ConfInt_Bright_L,-1.055257,95_ConfInt_Bright_U,1.055257,95_ConfInt_Quiet_L,-0.601293,95_ConfInt_Quiet_U,0.601293,
Female_SX216__295spkrs__150Hz-8000Hz_90pwAngle_-25dB_10000weight__withFlatMask,Noise_Mask,-25.000000,WordsCorrect_SI_Bright,93.620164,WordsCorrect_SI_Quiet,10.553284,95_ConfInt_Bright_L,-0.350491,95_ConfInt_Bright_U,0.350491,95_ConfInt_Quiet_L,-1.180352,95_ConfInt_Quiet_U,1.180352,
Female_SX216__295spkrs__150Hz-8000Hz_90pwAngle_-30dB_10000weight__withFlatMask,Noise_Mask,-30.000000,WordsCorrect_SI_Bright,97.002021,WordsCorrect_SI_Quiet,12.591135,95_ConfInt_Bright_L,-0.144975,95_ConfInt_Bright_U,0.144975,95_ConfInt_Quiet_L,-1.287673,95_ConfInt_Quiet_U,1.287673,
Female_SX216__295spkrs__150Hz-8000Hz_90pwAngle_-35dB_10000weight__withFlatMask,Noise_Mask,-35.000000,WordsCorrect_SI_Bright,98.289114,WordsCorrect_SI_Quiet,17.315281,95_ConfInt_Bright_L,-0.075361,95_ConfInt_Bright_U,0.075361,95_ConfInt_Quiet_L,-1.355964,95_ConfInt_Quiet_U,1.355964,
Female_SX216__295spkrs__150Hz-8000Hz_90pwAngle_-40dB_10000weight__withFlatMask,Noise_Mask,-40.000000,WordsCorrect_SI_Bright,98.495937,WordsCorrect_SI_Quiet,20.054948,95_ConfInt_Bright_L,-0.060033,95_ConfInt_Bright_U,0.060033,95_ConfInt_Quiet_L,-1.630056,95_ConfInt_Quiet_U,1.630056,
Female_SX216__295spkrs__150Hz-8000Hz_90pwAngle_-5dB_10000weight__withFlatMask,Noise_Mask,-5.000000,WordsCorrect_SI_Bright,4.037547,WordsCorrect_SI_Quiet,0.994318,95_ConfInt_Bright_L,-0.295486,95_ConfInt_Bright_U,0.295486,95_ConfInt_Quiet_L,-0.079228,95_ConfInt_Quiet_U,0.079228,
Female_SX216__295spkrs__150Hz-8000Hz_90pwAngle_0dB_10000weight__withFlatMask,Noise_Mask,0.000000,WordsCorrect_SI_Bright,1.799438,WordsCorrect_SI_Quiet,0.620708,95_ConfInt_Bright_L,-0.176117,95_ConfInt_Bright_U,0.176117,95_ConfInt_Quiet_L,-0.058481,95_ConfInt_Quiet_U,0.058481,
Female_SX306__295spkrs__150Hz-8000Hz_90pwAngle_-10dB_10000weight__withFlatMask,Noise_Mask,-10.000000,WordsCorrect_SI_Bright,2.951141,WordsCorrect_SI_Quiet,0.998146,95_ConfInt_Bright_L,-0.263872,95_ConfInt_Bright_U,0.263872,95_ConfInt_Quiet_L,-0.076193,95_ConfInt_Quiet_U,0.076193,
Female_SX306__295spkrs__150Hz-8000Hz_90pwAngle_-15dB_10000weight__withFlatMask,Noise_Mask,-15.000000,WordsCorrect_SI_Bright,15.477406,WordsCorrect_SI_Quiet,1.553979,95_ConfInt_Bright_L,-1.660661,95_ConfInt_Bright_U,1.660661,95_ConfInt_Quiet_L,-0.111289,95_ConfInt_Quiet_U,0.111289,
Female_SX306__295spkrs__150Hz-8000Hz_90pwAngle_-20dB_10000weight__withFlatMask,Noise_Mask,-20.000000,WordsCorrect_SI_Bright,50.863705,WordsCorrect_SI_Quiet,2.272061,95_ConfInt_Bright_L,-2.109440,95_ConfInt_Bright_U,2.109440,95_ConfInt_Quiet_L,-0.244420,95_ConfInt_Quiet_U,0.244420,
Female_SX306__295spkrs__150Hz-8000Hz_90pwAngle_-25dB_10000weight__withFlatMask,Noise_Mask,-25.000000,WordsCorrect_SI_Bright,90.231251,WordsCorrect_SI_Quiet,6.320573,95_ConfInt_Bright_L,-0.890117,95_ConfInt_Bright_U,0.890117,95_ConfInt_Quiet_L,-0.648385,95_ConfInt_Quiet_U,0.648385,
Female_SX306__295spkrs__150Hz-8000Hz_90pwAngle_-30dB_10000weight__withFlatMask,Noise_Mask,-30.000000,WordsCorrect_SI_Bright,96.552846,WordsCorrect_SI_Quiet,13.587664,95_ConfInt_Bright_L,-0.276172,95_ConfInt_Bright_U,0.276172,95_ConfInt_Quiet_L,-1.740704,95_ConfInt_Quiet_U,1.740704,
Female_SX306__295spkrs__150Hz-8000Hz_90pwAngle_-35dB_10000weight__withFlatMask,Noise_Mask,-35.000000,WordsCorrect_SI_Bright,98.461502,WordsCorrect_SI_Quiet,20.794627,95_ConfInt_Bright_L,-0.132601,95_ConfInt_Bright_U,0.132601,95_ConfInt_Quiet_L,-2.257677,95_ConfInt_Quiet_U,2.257677,
Female_SX306__295spkrs__150Hz-8000Hz_90pwAngle_-40dB_10000weight__withFlatMask,Noise_Mask,-40.000000,WordsCorrect_SI_Bright,98.808808,WordsCorrect_SI_Quiet,26.913976,95_ConfInt_Bright_L,-0.107562,95_ConfInt_Bright_U,0.107562,95_ConfInt_Quiet_L,-3.385287,95_ConfInt_Quiet_U,3.385287,
Female_SX306__295spkrs__150Hz-8000Hz_90pwAngle_-5dB_10000weight__withFlatMask,Noise_Mask,-5.000000,WordsCorrect_SI_Bright,1.110003,WordsCorrect_SI_Quiet,0.616712,95_ConfInt_Bright_L,-0.068047,95_ConfInt_Bright_U,0.068047,95_ConfInt_Quiet_L,-0.039804,95_ConfInt_Quiet_U,0.039804,
Female_SX306__295spkrs__150Hz-8000Hz_90pwAngle_0dB_10000weight__withFlatMask,Noise_Mask,0.000000,WordsCorrect_SI_Bright,0.651303,WordsCorrect_SI_Quiet,0.537256,95_ConfInt_Bright_L,-0.060611,95_ConfInt_Bright_U,0.060611,95_ConfInt_Quiet_L,-0.041937,95_ConfInt_Quiet_U,0.041937,
Male1_SI545__295spkrs__150Hz-8000Hz_90pwAngle_-10dB_10000weight__withFlatMask,Noise_Mask,-10.000000,WordsCorrect_SI_Bright,53.444519,WordsCorrect_SI_Quiet,6.938000,95_ConfInt_Bright_L,-1.954699,95_ConfInt_Bright_U,1.954699,95_ConfInt_Quiet_L,-0.685405,95_ConfInt_Quiet_U,0.685405,
Male1_SI545__295spkrs__150Hz-8000Hz_90pwAngle_-15dB_10000weight__withFlatMask,Noise_Mask,-15.000000,WordsCorrect_SI_Bright,85.534449,WordsCorrect_SI_Quiet,11.998576,95_ConfInt_Bright_L,-1.111276,95_ConfInt_Bright_U,1.111276,95_ConfInt_Quiet_L,-0.923775,95_ConfInt_Quiet_U,0.923775,
Male1_SI545__295spkrs__150Hz-8000Hz_90pwAngle_-20dB_10000weight__withFlatMask,Noise_Mask,-20.000000,WordsCorrect_SI_Bright,95.079529,WordsCorrect_SI_Quiet,22.539205,95_ConfInt_Bright_L,-0.415261,95_ConfInt_Bright_U,0.415261,95_ConfInt_Quiet_L,-2.539987,95_ConfInt_Quiet_U,2.539987,
Male1_SI545__295spkrs__150Hz-8000Hz_90pwAngle_-25dB_10000weight__withFlatMask,Noise_Mask,-25.000000,WordsCorrect_SI_Bright,97.759498,WordsCorrect_SI_Quiet,32.928857,95_ConfInt_Bright_L,-0.147629,95_ConfInt_Bright_U,0.147629,95_ConfInt_Quiet_L,-3.017084,95_ConfInt_Quiet_U,3.017084,
Male1_SI545__295spkrs__150Hz-8000Hz_90pwAngle_-30dB_10000weight__withFlatMask,Noise_Mask,-30.000000,WordsCorrect_SI_Bright,98.174364,WordsCorrect_SI_Quiet,39.748513,95_ConfInt_Bright_L,-0.112048,95_ConfInt_Bright_U,0.112048,95_ConfInt_Quiet_L,-3.682809,95_ConfInt_Quiet_U,3.682809,
Male1_SI545__295spkrs__150Hz-8000Hz_90pwAngle_-35dB_10000weight__withFlatMask,Noise_Mask,-35.000000,WordsCorrect_SI_Bright,98.239407,WordsCorrect_SI_Quiet,41.493941,95_ConfInt_Bright_L,-0.103896,95_ConfInt_Bright_U,0.103896,95_ConfInt_Quiet_L,-3.466479,95_ConfInt_Quiet_U,3.466479,
Male1_SI545__295spkrs__150Hz-8000Hz_90pwAngle_-40dB_10000weight__withFlatMask,Noise_Mask,-40.000000,WordsCorrect_SI_Bright,98.301631,WordsCorrect_SI_Quiet,42.740259,95_ConfInt_Bright_L,-0.096257,95_ConfInt_Bright_U,0.096257,95_ConfInt_Quiet_L,-3.485852,95_ConfInt_Quiet_U,3.485852,
Male1_SI545__295spkrs__150Hz-8000Hz_90pwAngle_-5dB_10000weight__withFlatMask,Noise_Mask,-5.000000,WordsCorrect_SI_Bright,20.365380,WordsCorrect_SI_Quiet,2.663158,95_ConfInt_Bright_L,-1.582898,95_ConfInt_Bright_U,1.582898,95_ConfInt_Quiet_L,-0.263975,95_ConfInt_Quiet_U,0.263975,
Male1_SI545__295spkrs__150Hz-8000Hz_90pwAngle_0dB_10000weight__withFlatMask,Noise_Mask,0.000000,WordsCorrect_SI_Bright,7.816943,WordsCorrect_SI_Quiet,1.438771,95_ConfInt_Bright_L,-0.552459,95_ConfInt_Bright_U,0.552459,95_ConfInt_Quiet_L,-0.186934,95_ConfInt_Quiet_U,0.186934,
Male1_SX185__295spkrs__150Hz-8000Hz_90pwAngle_-10dB_10000weight__withFlatMask,Noise_Mask,-10.000000,WordsCorrect_SI_Bright,63.637763,WordsCorrect_SI_Quiet,6.963474,95_ConfInt_Bright_L,-1.830896,95_ConfInt_Bright_U,1.830896,95_ConfInt_Quiet_L,-0.850887,95_ConfInt_Quiet_U,0.850887,
Male1_SX185__295spkrs__150Hz-8000Hz_90pwAngle_-15dB_10000weight__withFlatMask,Noise_Mask,-15.000000,WordsCorrect_SI_Bright,88.569924,WordsCorrect_SI_Quiet,16.372919,95_ConfInt_Bright_L,-0.924047,95_ConfInt_Bright_U,0.924047,95_ConfInt_Quiet_L,-1.698550,95_ConfInt_Quiet_U,1.698550,
Male1_SX185__295spkrs__150Hz-8000Hz_90pwAngle_-20dB_10000weight__withFlatMask,Noise_Mask,-20.000000,WordsCorrect_SI_Bright,96.598838,WordsCorrect_SI_Quiet,27.501280,95_ConfInt_Bright_L,-0.256942,95_ConfInt_Bright_U,0.256942,95_ConfInt_Quiet_L,-2.184745,95_ConfInt_Quiet_U,2.184745,
Male1_SX185__295spkrs__150Hz-8000Hz_90pwAngle_-25dB_10000weight__withFlatMask,Noise_Mask,-25.000000,WordsCorrect_SI_Bright,97.803585,WordsCorrect_SI_Quiet,36.474049,95_ConfInt_Bright_L,-0.125298,95_ConfInt_Bright_U,0.125298,95_ConfInt_Quiet_L,-3.477787,95_ConfInt_Quiet_U,3.477787,
Male1_SX185__295spkrs__150Hz-8000Hz_90pwAngle_-30dB_10000weight__withFlatMask,Noise_Mask,-30.000000,WordsCorrect_SI_Bright,98.077132,WordsCorrect_SI_Quiet,46.601047,95_ConfInt_Bright_L,-0.105972,95_ConfInt_Bright_U,0.105972,95_ConfInt_Quiet_L,-3.499774,95_ConfInt_Quiet_U,3.499774,
Male1_SX185__295spkrs__150Hz-8000Hz_90pwAngle_-35dB_10000weight__withFlatMask,Noise_Mask,-35.000000,WordsCorrect_SI_Bright,98.401153,WordsCorrect_SI_Quiet,50.493759,95_ConfInt_Bright_L,-0.092893,95_ConfInt_Bright_U,0.092893,95_ConfInt_Quiet_L,-3.188448,95_ConfInt_Quiet_U,3.188448,
Male1_SX185__295spkrs__150Hz-8000Hz_90pwAngle_-40dB_10000weight__withFlatMask,Noise_Mask,-40.000000,WordsCorrect_SI_Bright,98.347267,WordsCorrect_SI_Quiet,52.688885,95_ConfInt_Bright_L,-0.088339,95_ConfInt_Bright_U,0.088339,95_ConfInt_Quiet_L,-3.317585,95_ConfInt_Quiet_U,3.317585,
Male1_SX185__295spkrs__150Hz-8000Hz_90pwAngle_-5dB_10000weight__withFlatMask,Noise_Mask,-5.000000,WordsCorrect_SI_Bright,24.751493,WordsCorrect_SI_Quiet,4.293283,95_ConfInt_Bright_L,-1.944147,95_ConfInt_Bright_U,1.944147,95_ConfInt_Quiet_L,-0.374714,95_ConfInt_Quiet_U,0.374714,
Male1_SX185__295spkrs__150Hz-8000Hz_90pwAngle_0dB_10000weight__withFlatMask,Noise_Mask,0.000000,WordsCorrect_SI_Bright,9.401102,WordsCorrect_SI_Quiet,4.300467,95_ConfInt_Bright_L,-0.713177,95_ConfInt_Bright_U,0.713177,95_ConfInt_Quiet_L,-0.352457,95_ConfInt_Quiet_U,0.352457,
Male1_SX5__295spkrs__150Hz-8000Hz_90pwAngle_-10dB_10000weight__withFlatMask,Noise_Mask,-10.000000,WordsCorrect_SI_Bright,45.008218,WordsCorrect_SI_Quiet,4.631148,95_ConfInt_Bright_L,-2.657281,95_ConfInt_Bright_U,2.657281,95_ConfInt_Quiet_L,-0.306170,95_ConfInt_Quiet_U,0.306170,
Male1_SX5__295spkrs__150Hz-8000Hz_90pwAngle_-15dB_10000weight__withFlatMask,Noise_Mask,-15.000000,WordsCorrect_SI_Bright,77.646755,WordsCorrect_SI_Quiet,8.032280,95_ConfInt_Bright_L,-2.535337,95_ConfInt_Bright_U,2.535337,95_ConfInt_Quiet_L,-1.139449,95_ConfInt_Quiet_U,1.139449,
Male1_SX5__295spkrs__150Hz-8000Hz_90pwAngle_-20dB_10000weight__withFlatMask,Noise_Mask,-20.000000,WordsCorrect_SI_Bright,93.172677,WordsCorrect_SI_Quiet,16.587430,95_ConfInt_Bright_L,-0.725615,95_ConfInt_Bright_U,0.725615,95_ConfInt_Quiet_L,-1.433811,95_ConfInt_Quiet_U,1.433811,
Male1_SX5__295spkrs__150Hz-8000Hz_90pwAngle_-25dB_10000weight__withFlatMask,Noise_Mask,-25.000000,WordsCorrect_SI_Bright,97.489673,WordsCorrect_SI_Quiet,26.042634,95_ConfInt_Bright_L,-0.317889,95_ConfInt_Bright_U,0.317889,95_ConfInt_Quiet_L,-2.461025,95_ConfInt_Quiet_U,2.461025,
Male1_SX5__295spkrs__150Hz-8000Hz_90pwAngle_-30dB_10000weight__withFlatMask,Noise_Mask,-30.000000,WordsCorrect_SI_Bright,98.549792,WordsCorrect_SI_Quiet,36.409430,95_ConfInt_Bright_L,-0.175397,95_ConfInt_Bright_U,0.175397,95_ConfInt_Quiet_L,-3.204495,95_ConfInt_Quiet_U,3.204495,
Male1_SX5__295spkrs__150Hz-8000Hz_90pwAngle_-35dB_10000weight__withFlatMask,Noise_Mask,-35.000000,WordsCorrect_SI_Bright,98.868781,WordsCorrect_SI_Quiet,42.200840,95_ConfInt_Bright_L,-0.113872,95_ConfInt_Bright_U,0.113872,95_ConfInt_Quiet_L,-2.897071,95_ConfInt_Quiet_U,2.897071,
Male1_SX5__295spkrs__150Hz-8000Hz_90pwAngle_-40dB_10000weight__withFlatMask,Noise_Mask,-40.000000,WordsCorrect_SI_Bright,99.006452,WordsCorrect_SI_Quiet,46.183769,95_ConfInt_Bright_L,-0.096126,95_ConfInt_Bright_U,0.096126,95_ConfInt_Quiet_L,-2.940881,95_ConfInt_Quiet_U,2.940881,
Male1_SX5__295spkrs__150Hz-8000Hz_90pwAngle_-5dB_10000weight__withFlatMask,Noise_Mask,-5.000000,WordsCorrect_SI_Bright,9.333741,WordsCorrect_SI_Quiet,2.651404,95_ConfInt_Bright_L,-0.921614,95_ConfInt_Bright_U,0.921614,95_ConfInt_Quiet_L,-0.279935,95_ConfInt_Quiet_U,0.279935,
Male1_SX5__295spkrs__150Hz-8000Hz_90pwAngle_0dB_10000weight__withFlatMask,Noise_Mask,0.000000,WordsCorrect_SI_Bright,5.302369,WordsCorrect_SI_Quiet,2.682007,95_ConfInt_Bright_L,-0.706830,95_ConfInt_Bright_U,0.706830,95_ConfInt_Quiet_L,-0.348024,95_ConfInt_Quiet_U,0.348024,
Male_SA2__295spkrs__150Hz-8000Hz_90pwAngle_-10dB_10000weight__withFlatMask,Noise_Mask,-10.000000,WordsCorrect_SI_Bright,65.788968,WordsCorrect_SI_Quiet,4.613247,95_ConfInt_Bright_L,-2.670710,95_ConfInt_Bright_U,2.670710,95_ConfInt_Quiet_L,-0.447886,95_ConfInt_Quiet_U,0.447886,
Male_SA2__295spkrs__150Hz-8000Hz_90pwAngle_-15dB_10000weight__withFlatMask,Noise_Mask,-15.000000,WordsCorrect_SI_Bright,92.743119,WordsCorrect_SI_Quiet,10.537959,95_ConfInt_Bright_L,-0.757833,95_ConfInt_Bright_U,0.757833,95_ConfInt_Quiet_L,-0.797288,95_ConfInt_Quiet_U,0.797288,
Male_SA2__295spkrs__150Hz-8000Hz_90pwAngle_-20dB_10000weight__withFlatMask,Noise_Mask,-20.000000,WordsCorrect_SI_Bright,97.121988,WordsCorrect_SI_Quiet,21.095590,95_ConfInt_Bright_L,-0.366283,95_ConfInt_Bright_U,0.366283,95_ConfInt_Quiet_L,-1.017401,95_ConfInt_Quiet_U,1.017401,
Male_SA2__295spkrs__150Hz-8000Hz_90pwAngle_-25dB_10000weight__withFlatMask,Noise_Mask,-25.000000,WordsCorrect_SI_Bright,98.345545,WordsCorrect_SI_Quiet,30.722861,95_ConfInt_Bright_L,-0.192885,95_ConfInt_Bright_U,0.192885,95_ConfInt_Quiet_L,-1.541927,95_ConfInt_Quiet_U,1.541927,
Male_SA2__295spkrs__150Hz-8000Hz_90pwAngle_-30dB_10000weight__withFlatMask,Noise_Mask,-30.000000,WordsCorrect_SI_Bright,98.722384,WordsCorrect_SI_Quiet,36.000420,95_ConfInt_Bright_L,-0.152887,95_ConfInt_Bright_U,0.152887,95_ConfInt_Quiet_L,-1.580338,95_ConfInt_Quiet_U,1.580338,
Male_SA2__295spkrs__150Hz-8000Hz_90pwAngle_-35dB_10000weight__withFlatMask,Noise_Mask,-35.000000,WordsCorrect_SI_Bright,98.844107,WordsCorrect_SI_Quiet,37.661850,95_ConfInt_Bright_L,-0.132404,95_ConfInt_Bright_U,0.132404,95_ConfInt_Quiet_L,-1.699718,95_ConfInt_Quiet_U,1.699718,
Male_SA2__295spkrs__150Hz-8000Hz_90pwAngle_-40dB_10000weight__withFlatMask,Noise_Mask,-40.000000,WordsCorrect_SI_Bright,98.860908,WordsCorrect_SI_Quiet,36.779340,95_ConfInt_Bright_L,-0.132416,95_ConfInt_Bright_U,0.132416,95_ConfInt_Quiet_L,-1.685713,95_ConfInt_Quiet_U,1.685713,
Male_SA2__295spkrs__150Hz-8000Hz_90pwAngle_-5dB_10000weight__withFlatMask,Noise_Mask,-5.000000,WordsCorrect_SI_Bright,18.257444,WordsCorrect_SI_Quiet,2.046267,95_ConfInt_Bright_L,-1.496729,95_ConfInt_Bright_U,1.496729,95_ConfInt_Quiet_L,-0.172671,95_ConfInt_Quiet_U,0.172671,
Male_SA2__295spkrs__150Hz-8000Hz_90pwAngle_0dB_10000weight__withFlatMask,Noise_Mask,0.000000,WordsCorrect_SI_Bright,4.525515,WordsCorrect_SI_Quiet,1.360338,95_ConfInt_Bright_L,-0.508995,95_ConfInt_Bright_U,0.508995,95_ConfInt_Quiet_L,-0.111526,95_ConfInt_Quiet_U,0.111526,
Male_SI1669__295spkrs__150Hz-8000Hz_90pwAngle_-10dB_10000weight__withFlatMask,Noise_Mask,-10.000000,WordsCorrect_SI_Bright,35.867994,WordsCorrect_SI_Quiet,3.316622,95_ConfInt_Bright_L,-2.789843,95_ConfInt_Bright_U,2.789843,95_ConfInt_Quiet_L,-0.458204,95_ConfInt_Quiet_U,0.458204,
Male_SI1669__295spkrs__150Hz-8000Hz_90pwAngle_-15dB_10000weight__withFlatMask,Noise_Mask,-15.000000,WordsCorrect_SI_Bright,79.178539,WordsCorrect_SI_Quiet,11.670014,95_ConfInt_Bright_L,-2.041792,95_ConfInt_Bright_U,2.041792,95_ConfInt_Quiet_L,-1.275276,95_ConfInt_Quiet_U,1.275276,
Male_SI1669__295spkrs__150Hz-8000Hz_90pwAngle_-20dB_10000weight__withFlatMask,Noise_Mask,-20.000000,WordsCorrect_SI_Bright,93.717971,WordsCorrect_SI_Quiet,14.668535,95_ConfInt_Bright_L,-0.925121,95_ConfInt_Bright_U,0.925121,95_ConfInt_Quiet_L,-1.060018,95_ConfInt_Quiet_U,1.060018,
Male_SI1669__295spkrs__150Hz-8000Hz_90pwAngle_-25dB_10000weight__withFlatMask,Noise_Mask,-25.000000,WordsCorrect_SI_Bright,97.767246,WordsCorrect_SI_Quiet,23.111701,95_ConfInt_Bright_L,-0.393011,95_ConfInt_Bright_U,0.393011,95_ConfInt_Quiet_L,-1.886595,95_ConfInt_Quiet_U,1.886595,
Male_SI1669__295spkrs__150Hz-8000Hz_90pwAngle_-30dB_10000weight__withFlatMask,Noise_Mask,-30.000000,WordsCorrect_SI_Bright,98.786024,WordsCorrect_SI_Quiet,31.816517,95_ConfInt_Bright_L,-0.171728,95_ConfInt_Bright_U,0.171728,95_ConfInt_Quiet_L,-2.423355,95_ConfInt_Quiet_U,2.423355,
Male_SI1669__295spkrs__150Hz-8000Hz_90pwAngle_-35dB_10000weight__withFlatMask,Noise_Mask,-35.000000,WordsCorrect_SI_Bright,99.047913,WordsCorrect_SI_Quiet,33.604766,95_ConfInt_Bright_L,-0.162030,95_ConfInt_Bright_U,0.162030,95_ConfInt_Quiet_L,-2.101937,95_ConfInt_Quiet_U,2.101937,
Male_SI1669__295spkrs__150Hz-8000Hz_90pwAngle_-40dB_10000weight__withFlatMask,Noise_Mask,-40.000000,WordsCorrect_SI_Bright,99.145757,WordsCorrect_SI_Quiet,33.722252,95_ConfInt_Bright_L,-0.136504,95_ConfInt_Bright_U,0.136504,95_ConfInt_Quiet_L,-2.120718,95_ConfInt_Quiet_U,2.120718,
Male_SI1669__295spkrs__150Hz-8000Hz_90pwAngle_-5dB_10000weight__withFlatMask,Noise_Mask,-5.000000,WordsCorrect_SI_Bright,13.619880,WordsCorrect_SI_Quiet,2.250902,95_ConfInt_Bright_L,-1.117399,95_ConfInt_Bright_U,1.117399,95_ConfInt_Quiet_L,-0.278401,95_ConfInt_Quiet_U,0.278401,
Male_SI1669__295spkrs__150Hz-8000Hz_90pwAngle_0dB_10000weight__withFlatMask,Noise_Mask,0.000000,WordsCorrect_SI_Bright,4.017241,WordsCorrect_SI_Quiet,1.500668,95_ConfInt_Bright_L,-0.261159,95_ConfInt_Bright_U,0.261159,95_ConfInt_Quiet_L,-0.192182,95_ConfInt_Quiet_U,0.192182,
Male_SI2299__295spkrs__150Hz-8000Hz_90pwAngle_-10dB_10000weight__withFlatMask,Noise_Mask,-10.000000,WordsCorrect_SI_Bright,51.845927,WordsCorrect_SI_Quiet,3.639911,95_ConfInt_Bright_L,-3.060049,95_ConfInt_Bright_U,3.060049,95_ConfInt_Quiet_L,-0.318285,95_ConfInt_Quiet_U,0.318285,
Male_SI2299__295spkrs__150Hz-8000Hz_90pwAngle_-15dB_10000weight__withFlatMask,Noise_Mask,-15.000000,WordsCorrect_SI_Bright,88.107459,WordsCorrect_SI_Quiet,5.768738,95_ConfInt_Bright_L,-1.468113,95_ConfInt_Bright_U,1.468113,95_ConfInt_Quiet_L,-0.377723,95_ConfInt_Quiet_U,0.377723,
Male_SI2299__295spkrs__150Hz-8000Hz_90pwAngle_-20dB_10000weight__withFlatMask,Noise_Mask,-20.000000,WordsCorrect_SI_Bright,97.691980,WordsCorrect_SI_Quiet,10.556100,95_ConfInt_Bright_L,-0.311963,95_ConfInt_Bright_U,0.311963,95_ConfInt_Quiet_L,-1.224235,95_ConfInt_Quiet_U,1.224235,
Male_SI2299__295spkrs__150Hz-8000Hz_90pwAngle_-25dB_10000weight__withFlatMask,Noise_Mask,-25.000000,WordsCorrect_SI_Bright,99.024674,WordsCorrect_SI_Quiet,19.596659,95_ConfInt_Bright_L,-0.099786,95_ConfInt_Bright_U,0.099786,95_ConfInt_Quiet_L,-1.451417,95_ConfInt_Quiet_U,1.451417,
Male_SI2299__295spkrs__150Hz-8000Hz_90pwAngle_-30dB_10000weight__withFlatMask,Noise_Mask,-30.000000,WordsCorrect_SI_Bright,99.301029,WordsCorrect_SI_Quiet,26.563789,95_ConfInt_Bright_L,-0.063659,95_ConfInt_Bright_U,0.063659,95_ConfInt_Quiet_L,-2.240478,95_ConfInt_Quiet_U,2.240478,
Male_SI2299__295spkrs__150Hz-8000Hz_90pwAngle_-35dB_10000weight__withFlatMask,Noise_Mask,-35.000000,WordsCorrect_SI_Bright,99.374781,WordsCorrect_SI_Quiet,30.129923,95_ConfInt_Bright_L,-0.056187,95_ConfInt_Bright_U,0.056187,95_ConfInt_Quiet_L,-2.044170,95_ConfInt_Quiet_U,2.044170,
Male_SI2299__295spkrs__150Hz-8000Hz_90pwAngle_-40dB_10000weight__withFlatMask,Noise_Mask,-40.000000,WordsCorrect_SI_Bright,99.406192,WordsCorrect_SI_Quiet,31.304844,95_ConfInt_Bright_L,-0.052285,95_ConfInt_Bright_U,0.052285,95_ConfInt_Quiet_L,-2.122370,95_ConfInt_Quiet_U,2.122370,
Male_SI2299__295spkrs__150Hz-8000Hz_90pwAngle_-5dB_10000weight__withFlatMask,Noise_Mask,-5.000000,WordsCorrect_SI_Bright,20.607286,WordsCorrect_SI_Quiet,2.148415,95_ConfInt_Bright_L,-1.294223,95_ConfInt_Bright_U,1.294223,95_ConfInt_Quiet_L,-0.162931,95_ConfInt_Quiet_U,0.162931,
Male_SI2299__295spkrs__150Hz-8000Hz_90pwAngle_0dB_10000weight__withFlatMask,Noise_Mask,0.000000,WordsCorrect_SI_Bright,8.142213,WordsCorrect_SI_Quiet,1.752986,95_ConfInt_Bright_L,-0.804156,95_ConfInt_Bright_U,0.804156,95_ConfInt_Quiet_L,-0.129290,95_ConfInt_Quiet_U,0.129290,
Male_SX139__295spkrs__150Hz-8000Hz_90pwAngle_-10dB_10000weight__withFlatMask,Noise_Mask,-10.000000,WordsCorrect_SI_Bright,11.812627,WordsCorrect_SI_Quiet,0.849859,95_ConfInt_Bright_L,-1.309951,95_ConfInt_Bright_U,1.309951,95_ConfInt_Quiet_L,-0.086754,95_ConfInt_Quiet_U,0.086754,
Male_SX139__295spkrs__150Hz-8000Hz_90pwAngle_-15dB_10000weight__withFlatMask,Noise_Mask,-15.000000,WordsCorrect_SI_Bright,37.222274,WordsCorrect_SI_Quiet,1.775689,95_ConfInt_Bright_L,-3.809112,95_ConfInt_Bright_U,3.809112,95_ConfInt_Quiet_L,-0.257663,95_ConfInt_Quiet_U,0.257663,
Male_SX139__295spkrs__150Hz-8000Hz_90pwAngle_-20dB_10000weight__withFlatMask,Noise_Mask,-20.000000,WordsCorrect_SI_Bright,78.483672,WordsCorrect_SI_Quiet,2.656851,95_ConfInt_Bright_L,-2.123204,95_ConfInt_Bright_U,2.123204,95_ConfInt_Quiet_L,-0.321328,95_ConfInt_Quiet_U,0.321328,
Male_SX139__295spkrs__150Hz-8000Hz_90pwAngle_-25dB_10000weight__withFlatMask,Noise_Mask,-25.000000,WordsCorrect_SI_Bright,93.474460,WordsCorrect_SI_Quiet,4.711978,95_ConfInt_Bright_L,-0.890648,95_ConfInt_Bright_U,0.890648,95_ConfInt_Quiet_L,-0.508608,95_ConfInt_Quiet_U,0.508608,
Male_SX139__295spkrs__150Hz-8000Hz_90pwAngle_-30dB_10000weight__withFlatMask,Noise_Mask,-30.000000,WordsCorrect_SI_Bright,97.174937,WordsCorrect_SI_Quiet,6.520034,95_ConfInt_Bright_L,-0.335484,95_ConfInt_Bright_U,0.335484,95_ConfInt_Quiet_L,-0.637237,95_ConfInt_Quiet_U,0.637237,
Male_SX139__295spkrs__150Hz-8000Hz_90pwAngle_-35dB_10000weight__withFlatMask,Noise_Mask,-35.000000,WordsCorrect_SI_Bright,98.002572,WordsCorrect_SI_Quiet,8.363576,95_ConfInt_Bright_L,-0.259192,95_ConfInt_Bright_U,0.259192,95_ConfInt_Quiet_L,-0.823066,95_ConfInt_Quiet_U,0.823066,
Male_SX139__295spkrs__150Hz-8000Hz_90pwAngle_-40dB_10000weight__withFlatMask,Noise_Mask,-40.000000,WordsCorrect_SI_Bright,98.342677,WordsCorrect_SI_Quiet,9.819342,95_ConfInt_Bright_L,-0.206406,95_ConfInt_Bright_U,0.206406,95_ConfInt_Quiet_L,-1.168140,95_ConfInt_Quiet_U,1.168140,
Male_SX139__295spkrs__150Hz-8000Hz_90pwAngle_-5dB_10000weight__withFlatMask,Noise_Mask,-5.000000,WordsCorrect_SI_Bright,3.086234,WordsCorrect_SI_Quiet,0.624353,95_ConfInt_Bright_L,-0.309846,95_ConfInt_Bright_U,0.309846,95_ConfInt_Quiet_L,-0.076181,95_ConfInt_Quiet_U,0.076181,
Male_SX139__295spkrs__150Hz-8000Hz_90pwAngle_0dB_10000weight__withFlatMask,Noise_Mask,0.000000,WordsCorrect_SI_Bright,1.132563,WordsCorrect_SI_Quiet,0.629219,95_ConfInt_Bright_L,-0.108344,95_ConfInt_Bright_U,0.108344,95_ConfInt_Quiet_L,-0.063801,95_ConfInt_Quiet_U,0.063801,
Male_SX229__295spkrs__150Hz-8000Hz_90pwAngle_-10dB_10000weight__withFlatMask,Noise_Mask,-10.000000,WordsCorrect_SI_Bright,36.632560,WordsCorrect_SI_Quiet,2.935754,95_ConfInt_Bright_L,-2.862335,95_ConfInt_Bright_U,2.862335,95_ConfInt_Quiet_L,-0.329513,95_ConfInt_Quiet_U,0.329513,
Male_SX229__295spkrs__150Hz-8000Hz_90pwAngle_-15dB_10000weight__withFlatMask,Noise_Mask,-15.000000,WordsCorrect_SI_Bright,74.045894,WordsCorrect_SI_Quiet,4.577017,95_ConfInt_Bright_L,-2.990643,95_ConfInt_Bright_U,2.990643,95_ConfInt_Quiet_L,-0.737094,95_ConfInt_Quiet_U,0.737094,
Male_SX229__295spkrs__150Hz-8000Hz_90pwAngle_-20dB_10000weight__withFlatMask,Noise_Mask,-20.000000,WordsCorrect_SI_Bright,91.471805,WordsCorrect_SI_Quiet,11.632334,95_ConfInt_Bright_L,-1.437874,95_ConfInt_Bright_U,1.437874,95_ConfInt_Quiet_L,-1.040190,95_ConfInt_Quiet_U,1.040190,
Male_SX229__295spkrs__150Hz-8000Hz_90pwAngle_-25dB_10000weight__withFlatMask,Noise_Mask,-25.000000,WordsCorrect_SI_Bright,97.583329,WordsCorrect_SI_Quiet,15.318704,95_ConfInt_Bright_L,-0.367691,95_ConfInt_Bright_U,0.367691,95_ConfInt_Quiet_L,-1.550573,95_ConfInt_Quiet_U,1.550573,
Male_SX229__295spkrs__150Hz-8000Hz_90pwAngle_-30dB_10000weight__withFlatMask,Noise_Mask,-30.000000,WordsCorrect_SI_Bright,98.701710,WordsCorrect_SI_Quiet,21.792911,95_ConfInt_Bright_L,-0.212064,95_ConfInt_Bright_U,0.212064,95_ConfInt_Quiet_L,-1.927864,95_ConfInt_Quiet_U,1.927864,
Male_SX229__295spkrs__150Hz-8000Hz_90pwAngle_-35dB_10000weight__withFlatMask,Noise_Mask,-35.000000,WordsCorrect_SI_Bright,99.040425,WordsCorrect_SI_Quiet,27.485072,95_ConfInt_Bright_L,-0.157563,95_ConfInt_Bright_U,0.157563,95_ConfInt_Quiet_L,-2.057042,95_ConfInt_Quiet_U,2.057042,
Male_SX229__295spkrs__150Hz-8000Hz_90pwAngle_-40dB_10000weight__withFlatMask,Noise_Mask,-40.000000,WordsCorrect_SI_Bright,99.103256,WordsCorrect_SI_Quiet,29.798514,95_ConfInt_Bright_L,-0.137818,95_ConfInt_Bright_U,0.137818,95_ConfInt_Quiet_L,-1.973152,95_ConfInt_Quiet_U,1.973152,
Male_SX229__295spkrs__150Hz-8000Hz_90pwAngle_-5dB_10000weight__withFlatMask,Noise_Mask,-5.000000,WordsCorrect_SI_Bright,9.522880,WordsCorrect_SI_Quiet,1.585071,95_ConfInt_Bright_L,-0.937079,95_ConfInt_Bright_U,0.937079,95_ConfInt_Quiet_L,-0.199306,95_ConfInt_Quiet_U,0.199306,
Male_SX229__295spkrs__150Hz-8000Hz_90pwAngle_0dB_10000weight__withFlatMask,Noise_Mask,0.000000,WordsCorrect_SI_Bright,4.316599,WordsCorrect_SI_Quiet,1.575061,95_ConfInt_Bright_L,-0.449741,95_ConfInt_Bright_U,0.449741,95_ConfInt_Quiet_L,-0.171881,95_ConfInt_Quiet_U,0.171881,
Male_SX319__295spkrs__150Hz-8000Hz_90pwAngle_-10dB_10000weight__withFlatMask,Noise_Mask,-10.000000,WordsCorrect_SI_Bright,72.623992,WordsCorrect_SI_Quiet,7.173692,95_ConfInt_Bright_L,-2.934746,95_ConfInt_Bright_U,2.934746,95_ConfInt_Quiet_L,-0.949231,95_ConfInt_Quiet_U,0.949231,
Male_SX319__295spkrs__150Hz-8000Hz_90pwAngle_-15dB_10000weight__withFlatMask,Noise_Mask,-15.000000,WordsCorrect_SI_Bright,93.299331,WordsCorrect_SI_Quiet,11.530471,95_ConfInt_Bright_L,-1.166115,95_ConfInt_Bright_U,1.166115,95_ConfInt_Quiet_L,-1.277277,95_ConfInt_Quiet_U,1.277277,
Male_SX319__295spkrs__150Hz-8000Hz_90pwAngle_-20dB_10000weight__withFlatMask,Noise_Mask,-20.000000,WordsCorrect_SI_Bright,97.256135,WordsCorrect_SI_Quiet,17.614922,95_ConfInt_Bright_L,-0.566357,95_ConfInt_Bright_U,0.566357,95_ConfInt_Quiet_L,-2.003450,95_ConfInt_Quiet_U,2.003450,
Male_SX319__295spkrs__150Hz-8000Hz_90pwAngle_-25dB_10000weight__withFlatMask,Noise_Mask,-25.000000,WordsCorrect_SI_Bright,98.543312,WordsCorrect_SI_Quiet,24.605053,95_ConfInt_Bright_L,-0.279493,95_ConfInt_Bright_U,0.279493,95_ConfInt_Quiet_L,-2.711180,95_ConfInt_Quiet_U,2.711180,
Male_SX319__295spkrs__150Hz-8000Hz_90pwAngle_-30dB_10000weight__withFlatMask,Noise_Mask,-30.000000,WordsCorrect_SI_Bright,98.881000,WordsCorrect_SI_Quiet,28.697320,95_ConfInt_Bright_L,-0.194165,95_ConfInt_Bright_U,0.194165,95_ConfInt_Quiet_L,-3.362000,95_ConfInt_Quiet_U,3.362000,
Male_SX319__295spkrs__150Hz-8000Hz_90pwAngle_-35dB_10000weight__withFlatMask,Noise_Mask,-35.000000,WordsCorrect_SI_Bright,98.932320,WordsCorrect_SI_Quiet,31.787509,95_ConfInt_Bright_L,-0.184113,95_ConfInt_Bright_U,0.184113,95_ConfInt_Quiet_L,-3.198569,95_ConfInt_Quiet_U,3.198569,
Male_SX319__295spkrs__150Hz-8000Hz_90pwAngle_-40dB_10000weight__withFlatMask,Noise_Mask,-40.000000,WordsCorrect_SI_Bright,99.001913,WordsCorrect_SI_Quiet,32.271012,95_ConfInt_Bright_L,-0.166441,95_ConfInt_Bright_U,0.166441,95_ConfInt_Quiet_L,-2.878356,95_ConfInt_Quiet_U,2.878356,
Male_SX319__295spkrs__150Hz-8000Hz_90pwAngle_-5dB_10000weight__withFlatMask,Noise_Mask,-5.000000,WordsCorrect_SI_Bright,43.503144,WordsCorrect_SI_Quiet,4.192326,95_ConfInt_Bright_L,-2.753047,95_ConfInt_Bright_U,2.753047,95_ConfInt_Quiet_L,-0.440599,95_ConfInt_Quiet_U,0.440599,
Male_SX319__295spkrs__150Hz-8000Hz_90pwAngle_0dB_10000weight__withFlatMask,Noise_Mask,0.000000,WordsCorrect_SI_Bright,10.611422,WordsCorrect_SI_Quiet,1.843126,95_ConfInt_Bright_L,-0.927207,95_ConfInt_Bright_U,0.927207,95_ConfInt_Quiet_L,-0.165706,95_ConfInt_Quiet_U,0.165706,
Male_SX49__295spkrs__150Hz-8000Hz_90pwAngle_-10dB_10000weight__withFlatMask,Noise_Mask,-10.000000,WordsCorrect_SI_Bright,83.306366,WordsCorrect_SI_Quiet,7.462552,95_ConfInt_Bright_L,-1.635937,95_ConfInt_Bright_U,1.635937,95_ConfInt_Quiet_L,-0.664686,95_ConfInt_Quiet_U,0.664686,
Male_SX49__295spkrs__150Hz-8000Hz_90pwAngle_-15dB_10000weight__withFlatMask,Noise_Mask,-15.000000,WordsCorrect_SI_Bright,96.452540,WordsCorrect_SI_Quiet,15.694160,95_ConfInt_Bright_L,-0.456834,95_ConfInt_Bright_U,0.456834,95_ConfInt_Quiet_L,-1.284703,95_ConfInt_Quiet_U,1.284703,
Male_SX49__295spkrs__150Hz-8000Hz_90pwAngle_-20dB_10000weight__withFlatMask,Noise_Mask,-20.000000,WordsCorrect_SI_Bright,98.705974,WordsCorrect_SI_Quiet,20.475437,95_ConfInt_Bright_L,-0.140706,95_ConfInt_Bright_U,0.140706,95_ConfInt_Quiet_L,-1.571617,95_ConfInt_Quiet_U,1.571617,
Male_SX49__295spkrs__150Hz-8000Hz_90pwAngle_-25dB_10000weight__withFlatMask,Noise_Mask,-25.000000,WordsCorrect_SI_Bright,99.241112,WordsCorrect_SI_Quiet,30.861312,95_ConfInt_Bright_L,-0.085603,95_ConfInt_Bright_U,0.085603,95_ConfInt_Quiet_L,-1.682463,95_ConfInt_Quiet_U,1.682463,
Male_SX49__295spkrs__150Hz-8000Hz_90pwAngle_-30dB_10000weight__withFlatMask,Noise_Mask,-30.000000,WordsCorrect_SI_Bright,99.386552,WordsCorrect_SI_Quiet,37.052742,95_ConfInt_Bright_L,-0.069130,95_ConfInt_Bright_U,0.069130,95_ConfInt_Quiet_L,-1.551298,95_ConfInt_Quiet_U,1.551298,
Male_SX49__295spkrs__150Hz-8000Hz_90pwAngle_-35dB_10000weight__withFlatMask,Noise_Mask,-35.000000,WordsCorrect_SI_Bright,99.386992,WordsCorrect_SI_Quiet,37.904562,95_ConfInt_Bright_L,-0.066359,95_ConfInt_Bright_U,0.066359,95_ConfInt_Quiet_L,-1.581135,95_ConfInt_Quiet_U,1.581135,
Male_SX49__295spkrs__150Hz-8000Hz_90pwAngle_-40dB_10000weight__withFlatMask,Noise_Mask,-40.000000,WordsCorrect_SI_Bright,99.398167,WordsCorrect_SI_Quiet,38.730706,95_ConfInt_Bright_L,-0.065076,95_ConfInt_Bright_U,0.065076,95_ConfInt_Quiet_L,-1.597578,95_ConfInt_Quiet_U,1.597578,
Male_SX49__295spkrs__150Hz-8000Hz_90pwAngle_-5dB_10000weight__withFlatMask,Noise_Mask,-5.000000,WordsCorrect_SI_Bright,47.826677,WordsCorrect_SI_Quiet,3.423976,95_ConfInt_Bright_L,-2.938304,95_ConfInt_Bright_U,2.938304,95_ConfInt_Quiet_L,-0.347306,95_ConfInt_Quiet_U,0.347306,
Male_SX49__295spkrs__150Hz-8000Hz_90pwAngle_0dB_10000weight__withFlatMask,Noise_Mask,0.000000,WordsCorrect_SI_Bright,8.669824,WordsCorrect_SI_Quiet,1.928709,95_ConfInt_Bright_L,-0.820998,95_ConfInt_Bright_U,0.820998,95_ConfInt_Quiet_L,-0.179135,95_ConfInt_Quiet_U,0.179135,
